Time,V1,V2,V3,V4,V5,V6,V7,V8,V9,V10,V11,V12,V13,V14,V15,V16,V17,V18,V19,V20,V21,V22,V23,V24,V25,V26,V27,V28,Amount,Log_Amount,Amount_Robust,Hour,Day,time_diff,amount_roll_mean_5,amount_roll_mean_10,amount_roll_std_5,amount_roll_std_10,amount_ratio_5,amount_ratio_10,amount_roll_median_10,amount_dev_median_10,tx_count_proxy_5,tx_count_proxy_10,amount_time_interaction,log_amount_hour_interaction,actual,predicted,fraud_probability
146022.0,0.908636658181293,2.84902401493181,-5.64734296336341,6.00941477810058,0.216656395035464,-2.39701442397293,-1.81930788593969,0.338526987742346,-2.81988277297887,-4.06309810827338,2.94119009271712,-6.15136219091534,-1.98952853525001,-9.15095100562097,-0.604289998808266,-1.95229039984463,-2.89255533222526,-0.912057960709434,-1.56373996709776,0.241921294746754,0.407260461266497,-0.397434852530952,-0.0800058534116311,-0.168596545191964,0.465058497798457,0.210509756241616,0.648704799002062,0.360224330288316,1.18,0.7793248768009976,-0.2909243345210647,16.0,1.0,0.0,39.37199999999996,32.98299999999903,44.76386567321104,32.25501340901118,0.0299705366765585,0.0357760047365015,28.555,-27.375,5.0,10.0,1.18,12.469198028815962,1,1,0.9999819
151029.0,-3.81821371829341,2.55133767783118,-4.75915831591909,1.63696695878653,-1.16790008391088,-1.67841338780471,-3.14473247208576,1.24510555037845,-1.69254135414833,-4.75993137385013,3.64225693939881,-4.165202322571,0.703069875094878,-7.62431631397779,-1.49801239964762,-4.07999232998846,-6.71717654755023,-1.88754964911755,1.35674828969143,0.164453445972909,0.837685440079622,0.761712127064149,-0.417694265920243,-0.469712471536136,-0.225934235750846,0.586415248500604,-0.348107405939032,0.0877768724326224,10.7,2.4595888418037104,-0.1578984140292042,17.0,1.0,1.0,6.887999999999726,78.47999999999904,8.402093192135013,110.8612558311346,1.5534260230218353,0.136340467172014,15.345,-4.645,5.0,10.0,5.35,41.813010310663074,1,1,0.999974
154599.0,0.667713641374798,3.04150237620527,-5.84511195572955,5.9675870384467,0.213863332794167,-1.46292281110712,-2.68876058357809,0.677763512400754,-3.44759589638668,-4.70757080611204,4.90581986504193,-5.20837397192841,0.532498380473016,-10.5440113995705,-1.3074187011067,-2.1335934878907,-5.13308149079721,-1.06215078075411,-0.819371096333784,0.558424597641949,0.32976014592914,-0.941383471890008,-0.0060746623400234,-0.958925352213278,0.239297864946551,-0.0673556786513241,0.821047585911653,0.426175251596766,6.74,2.046401687601636,-0.2132327254943058,18.0,1.0,1.0,235.46999999999997,178.48499999999908,201.7244801703821,219.5371303574144,0.0286236037345581,0.0377622767304689,101.015,-94.275,5.0,10.0,3.37,36.83523037682945,1,1,0.9999615
152036.0,-4.32060921481281,3.19993870654465,-5.79973605389345,6.50233023566696,0.378479252807864,-1.94824637096657,-2.16785950480668,-0.728206711605414,-1.97723831745674,-3.47341070390428,4.56919375212135,-9.32115263136084,-1.59251765115386,-14.2668362798028,0.467776602458787,-4.06620855488173,-6.62696817708246,-1.43715841938037,-0.215409738450978,-0.263686068021973,0.47666042483552,0.434278328284482,-0.13693991841301,-0.620071695417129,0.642530576414265,0.28071734804164,-2.64910674899003,0.533640939848599,1.0,0.6931471805599453,-0.2934395304967512,18.0,1.0,1.0,32.27199999999964,25.04399999999909,35.27515797285436,27.76304666301315,0.0309866128226759,0.0399297220919307,14.495,-13.495,5.0,10.0,0.5,12.476649250079015,1,1,0.999956
150138.0,-2.15085504470997,2.18791662800118,-3.43051589218087,0.119476214172018,-0.173210022248717,0.290699943542092,-2.80898761953492,-2.67935050574045,-0.556684932588288,-4.48548270396242,1.90399926160786,-2.64421945060054,-0.982272877372442,-4.69115085524464,-0.6930797524851,-2.55325078310516,-3.48343626722796,-0.0648523857005649,1.49032876283779,0.53214542192165,-0.0732053058243562,0.561496277430611,-0.0750342624995709,-0.437619179374193,0.353840756362622,-0.521338535540234,0.144464860203719,0.02658811547881,50.0,3.9318256327243257,0.3912527073290016,17.0,1.0,1.0,31.611999999999817,75.02799999999908,45.33610558933398,125.88587272257637,1.5816777938226778,0.6664178617793723,7.135,42.865,5.0,10.0,25.0,66.84103575631353,1,1,0.99995184
155054.0,-0.512348993642627,4.82706041999945,-7.97393924909553,7.3340585164719,0.367703644775346,-2.0551290853684,-2.93585569967936,1.43100813095171,-4.54472224374179,-5.25809597551632,5.71631869503674,-5.81040712597652,0.723292646283101,-12.2891333850899,0.378773196301938,-2.02073438121173,-2.03970261739192,0.658182927257658,0.832574035012694,0.804101330337598,0.535619750720892,-0.459495920284509,-0.0093636678425974,-1.1404357941897,-0.0064452687432379,0.527970329614587,0.55888099608345,0.126516761960086,0.77,0.5709795465857378,-0.2966533920212394,19.0,1.0,1.0,26.144000000000005,79.6959999999991,33.968772865840485,143.60562339659387,0.0294522632553448,0.0096617143939255,18.735,-17.965,5.0,10.0,0.385,10.848611385129018,1,1,0.99995124
155662.0,-1.92861326665902,4.60150558710842,-7.12405297794577,5.71608803673092,1.0265785454506,-3.18907306708797,-2.26189690158112,1.18509635557546,-4.4419416151592,-6.64615382952148,3.8278680907164,-6.51864882248249,0.25113654845891,-12.4567059527055,-0.649166482109423,-1.28314500024635,-2.71855972503703,-0.0854660890712058,-2.09738547120766,0.328795983029392,0.602290585417557,-0.541287465014078,-0.354639278954951,-0.701492058320209,-0.0309729820836431,0.03406987758686,0.57339303199888,0.294686316081238,0.77,0.5709795465857378,-0.2966533920212394,19.0,1.0,0.0,33.993999999999815,20.06999999999907,48.1798643627438,35.48182069756158,0.022651055402393,0.0383657180684762,7.24,-6.470000000000001,5.0,10.0,0.77,10.848611385129018,1,1,0.9999504
155359.0,-1.067713272294,5.26231210944906,-8.4385670664835,7.31648729995658,0.0082535729164869,-2.12593631959976,-3.3070357352934,1.86983752340028,-4.52258362448849,-5.17281182346005,5.59112619350265,-5.64041745782421,0.784510038605689,-12.0438056158463,0.353814874886981,-1.92055816814255,-1.87992827944447,0.679751299229409,0.797641375455208,0.821404548671474,0.547789786518153,-0.491959821843257,0.0559141341245579,-1.14536853471475,0.0689513455242996,0.535054734945035,0.539263072143882,0.124255055772618,0.77,0.5709795465857378,-0.2966533920212394,19.0,1.0,0.0,28.43199999999994,30.168999999999123,23.809913271829902,23.363296690242446,0.0270821599928897,0.0255228868864442,25.4,-24.63,5.0,10.0,0.77,10.848611385129018,1,1,0.9999474
160537.0,0.567539266873172,3.30938527728796,-6.63126848884588,6.39457369583463,-0.0541723256891658,-2.39653528063935,-2.79248887303506,0.514811021472804,-3.54178025732386,-5.33475387061743,3.61873721262172,-7.10148829773798,-0.442125291870087,-11.0816168429851,-0.813721638541621,-3.30289861059986,-5.84890261106356,-1.85063546419134,-1.01863859540215,0.555411780502512,0.614220932245907,-0.365047253101859,-0.180408542452136,-0.52327142948781,0.645054313073713,0.246465837556682,0.902675054512292,0.47357149999817,4.69,1.7387102481382395,-0.2418780129951792,20.0,1.0,0.0,69.912,60.18699999999891,122.42394300140218,105.5014105277654,0.0670843336325046,0.0779238028490584,8.16,-3.47,5.0,10.0,4.69,34.77420496276479,1,1,0.9999429
152165.0,-4.67323076642011,4.19597576169878,-8.39242279138696,7.74321514676806,-1.13880348895329,-2.09489915490422,-3.83948656727606,0.543053447590367,-1.52844823748652,-2.32511344137919,4.3557700196603,-8.66303057554101,-1.15399252804132,-13.4817046750119,1.20845385727171,-4.28795983864998,-5.65176527245489,-1.23588925526129,1.08013289303778,-0.180278730628939,0.55418499648198,0.656075670157296,0.482417262428348,-0.624399456794724,-0.296288558436571,0.374802036063765,-2.6785437691689,0.412367567109485,1.0,0.6931471805599453,-0.2934395304967512,18.0,1.0,0.0,21.38199999999959,75.0989999999991,28.85548249484057,171.7959448784484,0.0467683076060102,0.0133157563573983,18.895,-17.895,5.0,10.0,1.0,12.476649250079015,1,1,0.9999392
161154.0,-3.38760102859385,3.97788074139497,-6.97858506511079,1.65776584508859,-1.10049973277578,-3.59948697320315,-3.68665071042962,1.94225222492139,-3.06508926692316,-7.50955747436829,2.98962640655731,-5.99363242425938,-0.164740077677312,-8.38844296921614,0.0421289980360236,-4.13750050093113,-6.1039030730781,-1.9729278028075,0.434072536887008,-0.0043005898337158,1.043587159264,0.26218867442789,-0.479223920984096,-0.326638199739289,-0.156938590387884,0.113806571374194,0.354124259953911,0.287592125204715,0.38,0.3220834991691133,-0.3021029833018934,20.0,1.0,1.0,41.39200000000012,34.04499999999891,46.74998042791498,38.15115703813293,0.0091805177526933,0.011161697425123,20.535,-20.155,5.0,10.0,0.19,6.4416699833822655,1,1,0.99992776
148028.0,-1.05383960928927,4.36280068444382,-6.02353363697249,5.30453432323767,1.48073829836025,-2.19382145195429,-1.53081679187472,0.62685742392939,-4.03702140926181,-6.28542447506796,3.53614548208968,-7.95962843222551,-1.67342852339751,-12.4579989307142,-0.213884790193602,-1.42413127138773,-3.24368593233723,0.0599561084626287,-1.80233249695937,0.531574093184742,0.397954323754442,-0.945401782696661,-0.376137523247608,-0.220480420438516,0.264002964525927,0.0489347748109877,0.847219840332403,0.531931799394904,0.0,0.0,-0.3074128414727869,17.0,1.0,1.0,71.01199999999996,65.48799999999912,135.0233367607544,96.04119345372224,0.0,0.0,24.97,-24.97,5.0,10.0,0.0,0.0,1,1,0.99992573
155535.0,0.711155481810016,2.61710490740972,-4.72236322125,5.84296995871769,-0.600179298610849,-1.64631317703679,-2.78519836554505,0.540367735499417,-3.04402909749745,-3.92650993997042,2.75783745850663,-5.43735368941346,0.546878907367748,-8.39657296658687,-0.810715738936796,-3.01429397773507,-6.64248226272335,-2.58402822440731,-0.820354414754465,0.46103194379752,0.360500881641394,-0.865525509838014,0.139978107568553,-0.336237870703344,0.128449337645535,-0.155645815012462,0.799459945626899,0.392170236404553,3.9,1.589235205116581,-0.2529169286662475,19.0,1.0,0.0,77.46199999999988,81.00399999999908,135.17681280460923,119.85334447663888,0.0503472663971074,0.0481457699848683,28.945,-25.045,5.0,10.0,3.9,30.19546889721504,1,1,0.9999232
160895.0,-0.848290216565114,2.71988211593934,-6.19907019688041,3.04443718621919,-3.30190955339712,-1.99211683590396,-3.7349017657824,1.52007897310233,-2.54878817321614,-4.5335154033258,2.28802174654208,-5.26720466981905,0.394799950425324,-4.28799577702192,1.31527946674202,-6.46918689069948,-8.71392005149206,-3.7050697432532,3.53100289778427,0.319576271337295,1.12522925908799,0.805257864895713,0.199119186483276,0.0352062006310435,0.0121587630161963,0.601657823317562,0.137467682324392,-0.171396981067706,127.14,4.853123416210876,1.469153916020401,20.0,1.0,2.0,59.596000000000046,70.5689999999989,55.84052766594015,108.96798300934871,2.133364619548884,1.8016409216279252,23.615,103.525,5.0,10.0,42.38,97.06246832421752,1,1,0.9999218
167338.0,-1.37442438802593,2.79318461104641,-4.34657205544607,2.40073141993213,-1.68843271426041,0.111136092520939,-0.922037621262745,-2.14992997529601,-2.02747375610927,-4.39084192218279,1.24195817554592,-3.91052150018815,-1.22563629923953,-4.69799687128777,0.676108304106939,-2.07706554161602,-2.68352089790884,-0.525949332550218,0.42234244481934,0.650195855719888,-0.870778521555015,0.50484915999462,0.13799426850986,0.36827456897565,0.103136654803567,-0.414208828090744,0.454981584858352,0.0967109642319915,349.08,5.858161699793562,4.57039055404178,22.0,1.0,3.0,136.81599999999997,85.30099999999864,168.97984873941627,131.997091756724,2.5514559514131694,4.092331812143747,13.86,335.22,5.0,10.0,87.27,128.87955739545836,1,1,0.9999212
149096.0,1.18489112271901,3.15208420536211,-6.13477982463031,5.53125220648323,1.73386651414214,-1.81686146600342,-0.916696277644188,0.265568287019436,-3.15801423516395,-3.89016924226376,4.7365938426554,-4.16211519175474,-0.456696779485289,-10.2667581077355,-0.583018263021109,0.513470571003558,0.113665405648114,1.48862035938935,-1.80557671393198,0.336441865694103,0.124235616370838,-0.823864650327076,-0.0798873559390688,0.0288277898864561,0.389711468856018,0.0601710709421762,0.485186935489591,0.326551571745814,0.0,0.0,-0.3074128414727869,17.0,1.0,1.0,90.40799999999986,111.72199999999914,106.38650910715728,187.17602106636497,0.0,0.0,34.11,-34.11,5.0,10.0,0.0,0.0,1,1,0.9999198
163181.0,-5.23880773573245,0.623013013517624,-5.78450659224569,1.67888930740175,-0.364431871608896,-0.477294697773818,-4.27613150437269,-0.695172912010584,-2.97164438627248,-5.52913123107677,1.77950450310136,-4.83615901427864,-1.20899187512247,-2.90118981074214,0.281878305641659,-5.53954431982868,-7.2909602133188,-4.89776603568321,-0.30860899195249,-0.203269802188999,-0.326139919163346,1.50923868732044,-0.215966267193936,-0.245726907285863,0.893041276540073,0.865758089249014,0.854657016693772,-0.964482422283343,39.98,3.7130841428107537,0.2512401313491231,21.0,1.0,0.0,13.40200000000002,83.33699999999882,15.91035260481208,186.1586635731691,2.98313662265806,0.4797388857321679,5.065,34.915,5.0,10.0,39.98,77.97476699902583,1,1,0.99991333
160243.0,-2.78386548658584,1.59682357624614,-2.08484398883683,2.51298558446866,-1.44674856585353,-0.828495614406621,-0.732262192061793,-0.203328860039345,-0.347045718430565,-2.16206139007752,1.96612345703981,-3.12745594474482,0.506574101009247,-5.92613104122097,0.931090795564338,-2.49930719432672,-3.71275186652084,-1.1421334371849,0.626240855695279,-0.515000920121256,0.203563419764299,0.29326788153054,0.199568287904264,0.146867632313486,0.163601884592709,-0.624084665941504,-1.33309975919931,0.42863399433625,156.0,5.056245805348308,1.8724236707887936,20.0,1.0,0.0,39.5719999999999,68.6869999999989,66.74871287157184,90.5563428112458,3.942181240721196,2.2711720955760244,24.44,131.56,5.0,10.0,156.0,101.12491610696615,1,1,0.9999105
169142.0,-1.92788332105459,1.12565266367046,-4.51833064132991,1.74929253346589,-1.56648729197754,-2.01049423115212,-0.882849830858081,0.697211109261327,-2.0649452874475,-5.58779378195338,2.1157951772133,-5.4174240819973,-1.23512263142388,-6.66517689463338,0.401700686738171,-2.89782511671737,-4.57052943365069,-1.31514721385427,0.391167040935071,1.25296673470361,0.778583978950071,-0.319188818860513,0.639418961153121,-0.294885040380029,0.537502535542985,0.788395056528708,0.292679966295281,0.147967928722538,390.0,5.968707559985366,5.142178439181164,22.0,1.0,1.0,175.1939999999999,98.00199999999865,178.0847275315769,144.46587554009488,2.2261036209795804,3.9795105816258327,27.495,362.505,5.0,10.0,195.0,131.31156631967804,1,1,0.9999069
148476.0,-1.12509160979577,3.68287614423407,-6.55616794880279,4.01673095104413,-0.425570577758505,-2.03120987003802,-2.65013722169089,1.13124935389728,-2.9468895392379,-4.81640080035747,2.15579608547647,-6.28512495176061,-1.12562538784098,-6.80009808768536,0.924933778626226,-5.23960438819297,-5.01790786864794,-1.34930885911419,2.8686028948655,0.452241310921092,1.18557978155236,1.34815612852908,-0.0536855730897001,0.284121984623636,-1.17446918218703,-0.0878322147402313,0.718789577961977,0.676215948809544,0.76,0.5653138090500605,-0.2967931251309997,17.0,1.0,0.0,16.045999999999854,35.252999999999155,18.339587781809215,37.00405955227001,0.0473638260398966,0.0215584483147978,26.35,-25.59,5.0,10.0,0.76,9.610334753851028,1,1,0.99990284
146179.0,-0.0676716213886392,4.25118050159519,-6.54038835224963,7.28365703710757,0.513540870943284,-2.63506638788364,-1.86591081008961,0.780271626602801,-3.86824834701295,-4.85148719411703,3.87116530391397,-6.88763735718558,-1.7905001483675,-11.2723158701978,1.30136314876439,-1.68983647758912,-0.0529325394075147,0.778734824784494,0.242162496030838,0.519403972453402,0.415436545379518,-0.469937601482284,0.0071280404084919,-0.388147290740708,-0.493397940502339,0.466467724945289,0.566369687106408,0.262990466192685,0.77,0.5709795465857378,-0.2966533920212394,16.0,1.0,0.0,145.544,89.85399999999899,149.53955640568486,117.40143063681272,0.0052904963083981,0.0085694570239561,31.4,-30.63,5.0,10.0,0.77,9.135672745371805,1,1,0.9998988
152098.0,-4.1243162505368,3.74859690056241,-7.92650660758866,7.76324179132026,-0.769374580551456,-2.03117088274041,-3.4745494647169,0.107121410006842,-1.55135158957203,-2.4112720149303,4.48003526995735,-8.83250972518326,-1.21516414034012,-13.7256846134361,1.23274441510587,-4.3896876778022,-5.81091981744958,-1.25542240180062,1.11403305037529,-0.181978583306058,0.547096801357099,0.68785388119585,0.429938703679497,-0.620601279432049,-0.369688286259497,0.367348753696039,-2.66476709501523,0.417100621604896,1.0,0.6931471805599453,-0.2934395304967512,18.0,1.0,0.0,63.25799999999958,90.92499999999907,69.359580592806,101.8170992243276,0.0158082769640477,0.0109980752158585,50.0,-49.0,5.0,10.0,1.0,12.476649250079015,1,1,0.9998946
169966.0,-3.11383160738512,0.58586417180689,-5.39973021073242,1.81709247345531,-0.840618465991056,-2.94354779071974,-2.20800192003372,1.05873267723056,-1.63233334974982,-5.24598383776964,1.93351953683592,-5.03046479695456,-1.12745457501155,-6.41662797597451,0.141237234328704,-2.54949823633632,-4.61471706851594,-1.47813794126038,-0.0354803664667244,0.306270740368093,0.583275998701341,-0.269208637986581,-0.456107772584008,-0.183659129549716,-0.328167759255761,0.606115810329683,0.884875539542905,-0.253700318894381,245.0,5.5053315359323625,3.116048347655977,23.0,1.0,1.0,55.74399999999984,40.445999999998655,105.81360748974993,74.1981919816361,4.395091769605858,6.057459178720985,10.325,234.675,5.0,10.0,122.5,126.62262532644434,1,1,0.9998913
155965.0,-1.20139778318497,4.86453518123444,-8.32882331553453,7.65239936205533,-0.167445105903909,-2.76769464972835,-3.17642095110716,1.62327867967437,-4.36722762476754,-5.5334430286147,4.1064045585523,-6.33182479621436,0.671784814909419,-12.1565865835299,1.02025178475153,-2.11086343309451,-1.55854452752772,0.195991826282669,0.502453451135321,0.597025549850308,0.532320016259289,-0.556913021850898,0.192444399731584,-0.698588444235578,0.0250027161193826,0.514967603188505,0.378105295962737,-0.0531327938498238,0.77,0.5709795465857378,-0.2966533920212394,19.0,1.0,0.0,63.00999999999975,33.511999999999055,96.35685082033442,71.42981820572281,0.0122202823009001,0.022976843429911,1.49,-0.72,5.0,10.0,0.77,10.848611385129018,1,1,0.99988866
148468.0,0.218810192243952,2.71585507956703,-5.11165783900784,6.31066097414859,-0.848345064871295,-0.882445799257676,-2.90207924674704,0.939162177941683,-3.62769814154945,-1.87333085278999,1.2038344844503,-6.17262991831307,-0.921364296717084,-3.94196510459461,-0.0622213828788873,-5.241049107605,-8.15282937205818,-3.24343644496687,1.93548375407006,0.381681938895485,1.08364021161907,1.03732380245639,0.0623251382602846,0.532489603801304,-0.149144855297463,0.639579645658501,0.351567637719089,-0.0018165149574627,0.76,0.5653138090500605,-0.2967931251309997,17.0,1.0,1.0,113.12799999999984,73.88299999999916,171.80756290107485,124.35997400473669,0.0067180538264792,0.0102865339755217,13.185,-12.425,5.0,10.0,0.38,9.610334753851028,1,1,0.99988616
154657.0,-0.679520574101316,4.67255275192187,-6.81479843997791,7.1435001202707,0.928653839059275,-1.87301315334323,-2.30668902092068,0.993701927710531,-4.94405415592679,-5.57641879575659,5.78365443891613,-6.11770391144604,0.61416484095298,-12.451498657048,0.42715247782648,-2.2558538072409,-2.12802655387511,0.706765028987081,1.09382579750391,0.872005531266124,0.566848531943877,-0.321691497752809,-0.281324568300744,-1.12025603826283,-0.0733943446607603,0.553530429860346,0.760541928111246,0.386741821030101,0.77,0.5709795465857378,-0.2966533920212394,18.0,1.0,0.0,34.211999999999954,31.113999999999105,41.237552910075614,29.274641358694304,0.0225067221294656,0.0247477012037128,27.15,-26.38,5.0,10.0,0.77,10.27763183854328,1,1,0.999877
149582.0,-4.28058383167792,1.42110000741665,-3.90822884348162,2.94294608011161,-0.0762053360306411,-2.00252600045019,-2.87415473251562,-0.856005441485914,0.963674230223562,-3.23543895742654,3.34180192747217,-7.56286042898412,-1.8474434271558,-11.5714234295766,-1.4815558418284,-6.18091869945618,-9.28518598266033,-3.92172214129965,0.685510860299876,-0.198962780003302,-0.140061995134615,-0.90772022005271,-0.680107948583095,-0.349169892929711,0.0562758915123628,-1.14992266869478,-1.80988612030864,0.723051433275673,1.1,0.7419373447293773,-0.2920421993991476,17.0,1.0,0.0,91.44999999999982,53.44899999999912,117.1310962127774,88.28147779192136,0.0120284307049925,0.0205803659454742,27.14,-26.04,5.0,10.0,1.1,12.612934860399417,1,1,0.99986506
152058.0,-3.57636177773708,3.29943622098785,-7.46043319687438,7.78363417666419,-0.398548657536885,-1.96844144838725,-3.11047619254795,-0.328403695377149,-1.57436284547485,-2.49756054724841,4.60417047790948,-9.0019148555682,-1.27632400546329,-13.9694706254616,1.25694535316357,-4.49162922501012,-5.96998693103967,-1.27466622002178,1.14778361222539,-0.181455201194929,0.540730752300116,0.719526342466937,0.379248749413946,-0.616961860032022,-0.44281081400968,0.359840688732324,-2.65182487459349,0.422184391599186,1.0,0.6931471805599453,-0.2934395304967512,18.0,1.0,1.0,56.89799999999963,35.41599999999909,75.87312580887799,56.61996255749813,0.0175753098953336,0.0282358248182799,13.739999999999998,-12.739999999999998,5.0,10.0,0.5,12.476649250079015,1,1,0.9998573
160870.0,-0.644277679025173,5.00235242592827,-8.25273876012125,7.75691471173633,-0.21626731754316,-2.75149611755953,-3.3588573150418,1.40626809118347,-4.40385171690245,-5.94563397292191,4.47590467269415,-7.60726146360792,-0.160723119948911,-13.0107493697978,1.09438181918719,-2.86403911817187,-2.87134152887014,-0.180613560248759,0.647708880496559,0.816557858909547,0.587727519791778,-0.605759173274255,0.0337455457845425,-0.756169511485339,-0.0081716252537439,0.532772006004636,0.663969504849476,0.192066835389178,0.77,0.5709795465857378,-0.2966533920212394,20.0,1.0,0.0,15.642000000000056,27.659999999998888,23.305445072139463,32.45403758502675,0.0492264384844366,0.0278380322545914,15.995,-15.225,5.0,10.0,0.77,11.419590931714756,1,1,0.99984646
151916.0,-5.48803217118325,3.32956068110382,-5.99629608663308,3.6017196361428,-2.02392603601173,-1.73739347660971,-4.39685932040737,0.228394067739377,-1.67588392283112,-3.99178463209724,3.73703768128326,-6.15018666957144,0.28873807103962,-8.76069451926062,2.3446511946564,-5.14563785073948,-6.29347862779442,-2.13718660093444,2.99524475453849,-0.551121114938378,1.71963125994928,0.343209160294469,0.133583641611928,0.833339534034596,-0.839775663207077,0.502009639296227,-1.93747284570186,1.52121837279368,0.01,0.009950330853168,-0.3072731083630266,18.0,1.0,0.0,17.477999999999728,40.82699999999904,19.82066522621445,54.3968185447492,0.0005721478102673,0.0002449359432499,17.185000000000002,-17.175,5.0,10.0,0.01,0.1791059553570255,1,1,0.9998447
149640.0,0.754315925858731,2.37982185248504,-5.13727449343089,3.81839172249665,0.0432026520139663,-1.28545137361934,-1.76668362059541,0.756710661816359,-1.76572209782095,-3.26300672553831,3.59279683214404,-2.77234880583364,-0.0745336542111445,-6.28109364908023,0.165978009089423,-2.67917124597012,-1.38555652893852,0.249056748544312,2.3534526931986,0.369662961829814,0.397057600980957,0.141165218358707,0.171984534755456,0.394273775761011,-0.4446418368392,-0.2631890643687,0.304702950350999,-0.0443622747894533,2.0,1.0986122886681098,-0.2794662195207154,17.0,1.0,1.0,63.56999999999984,179.1399999999991,89.31904696091986,250.0846261657399,0.0314613806597235,0.0111644523212881,58.765,-56.765,5.0,10.0,1.0,18.676408907357867,1,1,0.9998362
152307.0,-5.22296817637504,4.64182734988813,-8.85820420925725,7.72350199432307,-1.50703495625849,-2.15948357376289,-4.20516409588397,0.979334284202064,-1.50563737438727,-2.23906626105695,4.23139330449617,-8.49348798082106,-1.09281084673483,-13.2375585139603,1.1840864824863,-4.18641517783122,-5.49253578625626,-1.21610811302066,1.04610451099676,-0.176673248133323,0.561892173950775,0.624206816460912,0.536428910734314,-0.628333712411096,-0.222651230551295,0.382208361920644,-2.6930356893785,0.407935125898827,1.0,0.6931471805599453,-0.2934395304967512,18.0,1.0,0.0,13.651999999999612,10.79199999999909,14.774556508061826,10.82449670431239,0.0732493353904697,0.0926612219550465,7.1,-6.1,5.0,10.0,1.0,12.476649250079015,1,1,0.99983335
148479.0,-1.541678492331,3.8467996764866,-7.60411417332843,3.12145858452036,-1.25492417272895,-2.08487507838532,-2.38502692521029,1.47113982318282,-2.53050724987995,-5.17565967956169,1.92718574923744,-6.01115469172088,-1.19560144211912,-6.74556131619148,-0.0580910805508333,-4.3251322468452,-5.55806727496643,-1.58053122025709,0.971906321717639,0.114760087792356,1.09640466568909,1.0642221648192,0.0653703316207609,0.257209437635477,-0.693653969054163,-0.335701711683891,0.577051520346345,0.398348367999506,122.68,4.817697584839112,1.4068329490672815,17.0,1.0,0.0,113.37799999999986,124.04099999999916,158.96763544824708,161.55766665329884,1.0820441260028932,0.989027813472747,59.81,62.870000000000005,5.0,10.0,122.68,81.9008589422649,1,1,0.99983025
160665.0,-0.417339782403896,4.70005527392636,-7.52176682774885,7.67188445074794,0.260821237608046,-2.64669254023638,-2.85443216153232,0.95878310270126,-4.5885358926682,-6.12071508667922,4.54849458373201,-7.83625279832226,-0.242674770748528,-13.2025053438681,1.0924415991984,-3.04086255242532,-3.00895800089691,-0.159966953690891,0.78808629554402,0.832034789370246,0.622200356085823,-0.437708334187294,-0.0903582898025547,-0.742802157670925,-0.312360714129117,0.502574976363589,0.8213902873783,0.37237881708533,0.77,0.5709795465857378,-0.2966533920212394,20.0,1.0,0.0,31.070000000000004,23.14199999999889,62.30092816331492,43.3092827618753,0.0247827478344786,0.0332728358278109,7.49,-6.720000000000001,5.0,10.0,0.77,11.419590931714756,1,1,0.99981195
153875.0,-0.613695895305449,3.69877241384725,-5.53494116176501,5.62048638535855,1.64926285038792,-2.33514498091385,-0.907188472777421,0.706362095310651,-3.74764612466131,-4.23098383571181,4.43631907416962,-4.50380121641622,-0.954361345864011,-9.86137210765166,-0.505329037399437,0.269281953090911,0.591319064375358,1.79599192045908,-1.08520791024384,0.354772932978025,0.319260753518317,-0.471378905146116,-0.075890410682347,-0.667909264857987,-0.642848415713801,0.0706001067101182,0.488409527815439,0.292344974289491,0.0,0.0,-0.3074128414727869,18.0,1.0,0.0,61.75399999999992,34.76999999999906,91.6927586018217,67.76476026185779,0.0,0.0,4.495,-4.495,5.0,10.0,0.0,0.0,1,1,0.99979645
146344.0,-0.0997238993578782,2.79541433019956,-6.42385558221477,3.24751301512342,-1.6322902693315,-2.76666493059313,-2.31222288290759,0.961014122482514,-1.89600096481329,-4.91934829935247,3.05365441815753,-5.29781140208753,-1.46602972848647,-7.03588005080407,1.99713237234969,-3.83618852542499,-2.51518280017187,-0.864578711859257,2.32892697361116,0.340898315660141,0.647714388377444,0.126575864283858,0.203953480088146,0.0084949976311171,-0.174501150725926,0.575294798178312,0.152875890788003,-0.0981728103598323,94.82,4.562471431454976,1.0175365052749248,16.0,1.0,0.0,167.31399999999994,90.054999999999,158.42684015030062,133.5514338914401,0.5667188605453289,1.0529120975746926,48.185,46.63499999999999,5.0,10.0,94.82,72.99954290327962,1,1,0.9997923
157207.0,1.17075621526687,2.50103820829712,-4.9861592332247,5.37416005823382,0.997798392058317,-1.25900447846418,-1.23768881403143,0.358425624933301,-2.61248850396066,-3.06472953093127,3.48060170327307,-3.73515295429888,-0.594777601745956,-8.22995199210048,-1.47609403608015,-0.408470612919959,-1.48128347210329,0.347626692232083,-1.16441437126035,0.227618255472955,0.123145442805288,-0.713201110003824,-0.0808679133866204,-0.964310260780621,0.338567587684323,0.068629851804667,0.481587901111279,0.268225854368505,4.97,1.786746927404511,-0.2379654859218892,19.0,1.0,1.0,6.793999999999784,16.38699999999893,5.676506849570534,34.56041185795503,0.73152771099094,0.303289174144819,4.96,0.0099999999999997,5.0,10.0,2.485,33.948191620685705,1,1,0.9997795
151972.0,-6.61821088302128,3.83594330652809,-6.31645312939344,1.84411148322924,-2.47689242073119,-1.88671810778613,-3.81749461717225,0.613470204441387,-1.48212104737573,-4.86874726825181,3.35972193954249,-5.96916163430263,0.0511899909273825,-8.72449560202264,0.776390603031746,-3.93938374023711,-7.16443030217363,-2.43467181629124,0.235226841085862,-0.953826982523315,1.63662230588548,0.0387273057562163,0.27821816645377,0.786670356804443,0.063894559165062,0.154707097104458,-2.04240272642132,1.40514055826157,57.73,4.072950669534428,0.4992664011737581,18.0,1.0,1.0,380.25199999999967,208.11599999999908,790.6334881093829,557.8421205403016,0.1518203713542063,0.2773933754377697,47.325,10.404999999999994,5.0,10.0,28.865,73.31311205161971,1,1,0.9997477
153761.0,1.14625926661879,1.40345824321907,-4.15914819129688,2.66010705652321,-0.323216826628972,-1.83607089433649,-1.62374005926978,0.259562498148672,-1.13204414952948,-3.35647371355361,3.64647783754223,-3.00268415590657,-0.647500580265193,-5.94500331282299,0.17465003740523,-1.47563951431173,-3.08227352537105,0.224739755103275,-0.300930778531616,0.284830655578029,0.564449516452437,0.445743911757892,-0.141136197426929,-0.265517116377678,0.362259920457956,-0.416062097561802,0.507369852566067,0.243744113775662,51.37,3.958333908291397,0.4103961433661706,18.0,1.0,1.0,56.17599999999989,41.43599999999905,49.121215172382975,39.727571506336616,0.914447434590442,1.2397431885379375,32.34,19.029999999999998,5.0,10.0,25.685,71.25001034924513,1,1,0.99972457
155554.0,-1.04006722316026,3.10670266443901,-5.40902719870311,3.10990342442989,-0.887237039790953,-2.49752183582566,-2.07334746311485,0.639818099305764,-3.01333057190308,-5.9548382969224,3.58639450927204,-5.51714762692598,0.683652475018798,-8.5604228759795,1.85609491585409,-4.87824808848093,-4.33599801203682,-1.3771910852015,3.0573817418767,1.05439010295385,0.773960867519738,0.214868420362258,-0.184233022038014,-0.284091370881042,0.493466608549931,0.732328821135949,0.675066703315442,0.337076231470716,94.82,4.562471431454976,1.0175365052749248,19.0,1.0,0.0,63.84799999999986,104.54799999999908,57.99848248025459,152.75055859513122,1.4850895645111928,0.906951822063062,54.99,39.83,5.0,10.0,94.82,86.68695719764455,1,1,0.99971217
154493.0,-7.38154698606367,-7.44901515872674,-4.6962865237175,3.72843914957409,6.19830434711234,-6.40626663445964,-5.83145156036761,1.45717491941563,-0.6462025802667,-4.02912871953916,2.52894302060173,-3.308721722205,-1.99200968898389,-5.75721608217278,-0.877323474271716,-1.54755182348258,-1.90901678581052,0.500567470429737,0.136722438174659,2.93275812573212,1.17657484784395,-0.978692051214679,-0.278330343454922,-0.635873793806618,0.123539440325404,0.404729308452323,0.704914653621431,-1.22999168169143,35.0,3.58351893845611,0.181653042688465,18.0,1.0,0.0,36.48199999999991,24.51899999999909,53.85681869560372,39.56872515022184,0.9593772008284328,1.427464357132711,7.715,27.285,5.0,10.0,35.0,64.50334089220998,1,1,0.99970967
157284.0,-0.242244998983291,4.14718554774299,-5.67234909620488,6.49374059630435,1.59116815595921,-1.60252259512767,-0.950462840251984,0.722902909564455,-4.12850525273272,-3.96322447209244,4.46946731169238,-4.6550713248721,-0.441775588896948,-10.1498129226371,0.612797714121901,-0.288725033933543,1.40450707513401,2.13208137860015,0.707199945685905,0.562029861091792,0.249022570668556,-0.480286305732899,-0.286080216527281,-1.15357475551215,-0.0355711283215471,0.559628209963356,0.40944648264684,0.221048104758881,0.77,0.5709795465857378,-0.2966533920212394,19.0,1.0,1.0,18.1499999999998,64.54699999999893,16.969085125992507,122.04822380705887,0.0424242400868192,0.0119292916490421,27.025,-26.255,5.0,10.0,0.385,10.848611385129018,1,1,0.9996847
154278.0,-1.60021129907252,-3.48813018118561,-6.45930280667571,3.24681566349703,-1.61460769860713,-1.26037454854632,0.288223321921388,-0.0489639910109505,-0.734974617920653,-4.44148408070017,2.94437484242405,-3.80546898374331,-2.10222683492697,-6.1061832734711,-0.641736399701777,-1.55596289626148,-2.08406707082134,0.394247352869229,0.0833797227600835,3.18935489592753,1.19117480721903,-0.96714144500067,-1.46342052446637,-0.624230851495284,-0.176461532068143,0.400348351070197,0.152946864261687,0.477774924576796,1504.93,7.317165926535884,20.72144204569273,18.0,1.0,0.0,342.8039999999999,189.1749999999991,650.9306497085622,464.1952918582289,4.390059613102358,7.95522659994598,29.53,1475.4,5.0,10.0,1504.93,131.7089866776459,1,1,0.9996526
158638.0,-5.97611932262173,-7.19697963053735,-5.38831591092631,5.104798647287,4.67653286692543,-5.56687006039983,-4.29118042196746,0.876530560032016,-1.07547808735089,-3.27256917385192,1.1682159434835,-2.13473197122041,1.12831321986543,-4.56600986017187,-0.126950406755583,-2.82698551177892,-2.86574970146517,-0.912934238200631,0.421144082740547,3.13633813209484,1.45936905794799,-0.13626168712612,0.848177173598492,-0.269916379777294,-1.09505960437355,-0.710905241951938,0.565846302250925,-1.03410718662341,296.0,5.6937321388027,3.8286872074338016,20.0,1.0,0.0,118.22599999999989,68.86099999999897,148.73125992881734,112.4338848144057,2.5036793725265247,4.298514336148039,16.575,279.425,5.0,10.0,296.0,113.874642776054,1,1,0.9995204
160034.0,-2.3493399641893,1.51260401518904,-2.64749719609623,1.75379247237301,0.406327950335496,-2.18849400496996,-0.686934747748875,-0.547984409288573,-0.0995281132954432,-1.67234597814111,2.17297610055437,-3.10347667138871,0.217560544573622,-6.03440257566619,0.164400705894815,-2.38382603356602,-4.16647877527802,-1.77239694698232,-0.526280794204029,-0.0934214753719124,-0.0885194213942628,-0.595178282040403,0.258148130014773,0.0619011334336728,-0.35418019381022,-1.15267106612603,-0.736072755373029,0.733702732493917,4.9,1.7749523509116738,-0.2389436176902117,20.0,1.0,1.0,30.727999999999888,59.31399999999893,48.137167760592334,79.34329254023721,0.1594636761434633,0.0826111865223876,24.130000000000003,-19.230000000000004,5.0,10.0,2.45,35.49904701823348,1,1,0.996316
159844.0,-0.408110816961726,3.13294449795257,-3.09802976350239,5.80389261500645,0.890608919007457,-0.501474323471098,-0.440054283341639,0.591828268527081,-3.26769325879204,-2.22307032799021,0.757063214391669,-3.5018037792943,0.246742224128631,-6.0656218797665,0.339583134189158,-1.00572315400358,0.334315623693923,0.421261362446254,1.24714263088632,0.499567913131525,0.0984823222449585,-0.538374705312947,-0.217988987498016,-1.04265661749863,0.314388820647828,0.54324357594221,0.233851015408581,0.119603460907874,45.51,3.839667343236006,0.328512541046601,20.0,1.0,0.0,43.097999999999935,27.623999999998937,31.158354738519687,27.393807978632445,1.0559654495344244,1.647480392141665,19.995,25.515,5.0,10.0,45.51,76.79334686472012,1,1,0.996128
150949.0,-2.42353450165791,1.65909255408015,-3.07142054904521,2.58803264715889,1.13579116985916,-1.89238797008871,-2.58841817664644,-2.22659241059214,-1.67017275749754,-3.50892466189359,1.43932206570096,-1.95992749618623,0.767484552459954,-4.97811801438515,1.05856598037874,-0.99747745136418,-0.817261404200648,0.307797600356998,0.0284845308917937,0.35389820280921,-0.934126824870286,0.922037918088262,-0.180255030944776,-0.281719118183751,0.299285024105003,-0.263801330349534,0.150155943031014,0.292112166465648,9.29,2.331172549845958,-0.1776007825054146,17.0,1.0,1.0,24.51999999999973,25.686999999999045,18.252658710697503,26.092197237473265,0.3788743728028438,0.3616615267777014,12.405,-3.115000000000002,5.0,10.0,4.645,39.62993334738129,1,1,0.9954513
148053.0,1.26132423719507,2.72680028914035,-5.43501891203698,5.34275900861121,1.44704301840055,-1.44258408548501,-0.898701853990691,0.123061977888509,-2.74849590498127,-3.20243612238872,1.99136063471588,-3.98641621648026,0.577206841836268,-8.48579450596077,-0.794782274727006,-0.66613426737281,-1.37262938444618,-0.10431295585569,-1.46691055321726,0.313331634515096,0.209086136071647,-0.425937610932652,-0.154439525696635,-0.0188195044268996,0.632233951218357,0.192921615175897,0.468180887290157,0.280486470872693,1.59,0.9516578757114464,-0.2851952770208901,17.0,1.0,0.0,4.551999999999955,51.88799999999911,2.936148839569765,76.32321356510212,0.3492969355674605,0.030642922628683,7.18,-5.59,5.0,10.0,1.59,16.17818388709459,1,1,0.9952242
169351.0,-0.676142670593205,1.1263660623459,-2.21369952308058,0.46830838758824,-1.12054104443306,-0.0033462959955453,-2.23473929608742,1.21015796383769,-0.65224992035649,-3.46389087904573,1.79496896856641,-2.77502154036273,-0.418950143733104,-4.05716237716209,-0.712615968607599,-1.60301474745597,-5.03532591722409,-0.50699988370237,0.266272320267649,0.247967752628092,0.751825538154533,0.834107690036367,0.190943872773442,0.0320700856093905,-0.739694822652264,0.47111096261267,0.385107448705084,0.19436147923645,77.89,4.368054477106998,0.7809683504506393,23.0,1.0,0.0,44.737999999999815,24.93499999999864,59.40682132546092,44.90232071470245,1.7410254874821145,3.123721551084127,5.825,72.065,5.0,10.0,77.89,100.46525297346096,1,1,0.99521756
148053.0,1.26132423719507,2.72680028914035,-5.43501891203698,5.34275900861121,1.44704301840055,-1.44258408548501,-0.898701853990691,0.123061977888509,-2.74849590498127,-3.20243612238872,1.99136063471588,-3.98641621648026,0.577206841836268,-8.48579450596077,-0.794782274727006,-0.66613426737281,-1.37262938444618,-0.10431295585569,-1.46691055321726,0.313331634515096,0.209086136071647,-0.425937610932652,-0.154439525696635,-0.0188195044268996,0.632233951218357,0.192921615175897,0.468180887290157,0.280486470872693,1.59,0.9516578757114464,-0.2851952770208901,17.0,1.0,0.0,3.5139999999999545,36.24699999999911,2.8681928122262743,67.70099277963907,0.4524756822778424,0.0438656980200938,6.15,-4.5600000000000005,5.0,10.0,1.59,16.17818388709459,1,1,0.99324185
148074.0,-2.21921860215056,0.727831411106392,-5.45822994652182,5.92484984705884,3.93246382376344,-3.0859842366267,-1.67786998770016,0.865074610405235,-3.17726028894586,-3.41920738405664,3.69317394224412,-3.97843975507806,-1.71859087457346,-8.63629739365259,-0.242964821455265,1.17488417316765,2.13460635695284,2.59436483300614,-1.25758897993879,0.96477180373471,0.41747174595057,-0.817343384056975,-0.0287524020141088,0.0257225108657227,-0.825835343221856,-0.0130890304987416,0.413291188715315,-0.131387346404896,0.0,0.0,-0.3074128414727869,17.0,1.0,0.0,161.9539999999999,124.1279999999991,298.1236961900349,219.51787782424287,0.0,0.0,30.395,-30.395,5.0,10.0,0.0,0.0,1,1,0.99258137
169347.0,1.37855899734127,1.28938093711056,-5.00424678441137,1.4118498419441,0.442580635567782,-1.3265359338336,-1.41316995590712,0.248525467627175,-1.12739593417081,-3.23215317539514,2.8584658156696,-3.09691489835154,-0.792532436177748,-5.21014084572584,-0.613803263850514,-2.15529688535221,-3.26711568106648,-0.68850546268346,0.737657217477667,0.226137945500703,0.370611857232494,0.0282344454140697,-0.145640429197154,-0.0810494069107769,0.521874501959455,0.739467256056059,0.389151843520624,0.186636547522687,0.76,0.5653138090500605,-0.2967931251309997,23.0,1.0,0.0,3.6379999999998174,26.062999999998635,3.385420209534993,64.77903090943856,0.2089059348801822,0.0291601109173897,6.175,-5.415,5.0,10.0,0.76,13.00221760815139,1,1,0.9886214
166028.0,-0.956390354534089,2.36159360978361,-3.17119460723168,1.9707587789256,0.474761353851904,-1.90259820435779,-0.055177812186404,0.277831228585655,-1.74585416512772,-2.5166280017922,0.874051625366684,-2.51310432869389,0.0215750823066827,-3.56511884467947,0.461153428310475,-2.01571274629308,-1.7314131905532,-0.465814727140309,0.527619755594392,0.19087690343816,0.4732110860249,0.719400298090367,0.122457847823505,-0.255649852132098,-0.619259299031992,-0.48427999484406,0.683534592892906,0.443299499267762,39.9,3.711130063048756,0.2501222664710403,22.0,1.0,2.0,42.89999999999996,23.93799999999875,36.81542951004346,31.80641507643447,0.9300699083899798,1.6668058456511086,8.885,31.015,5.0,10.0,13.3,81.64486138707262,1,1,0.9856843
154181.0,-0.549615438496227,2.21907469290599,-3.52202432215688,0.236995179253694,1.0874688565719,-1.23553009267737,-0.279312556848985,0.514360709931382,-1.84992742118892,-3.44381902213252,2.21400028680889,-1.6898355101423,0.498437678119739,-4.39363360177944,-1.27084139528992,-1.17662872177405,-1.8597389700645,-0.0494185884951729,0.38526260953691,0.126517943495233,0.364130240632527,0.210428090003568,-0.366018663493106,0.0158025669543916,0.349211539966759,0.647302275361242,0.17192919537209,0.11718822829994,0.76,0.5653138090500605,-0.2967931251309997,18.0,1.0,0.0,31.62199999999991,57.71999999999908,55.38399786952492,81.37120702894264,0.0240338996890172,0.0131670129388946,17.994999999999997,-17.234999999999996,5.0,10.0,0.76,10.175648562901088,1,1,0.97758853
149236.0,-1.37097577264543,-0.0254646126717458,-2.77490691587532,2.65053018469314,4.5113092908958,-3.28934368164807,-0.118841441826044,-0.0142794452575209,-0.932772843574534,-2.63744174460075,2.85877650156878,-0.553179939159781,-0.758491998019469,-6.45502910306118,-0.154020882316443,1.32383297549701,5.5802092523309,3.29368759380439,-0.13769358207354,0.701291826581395,-0.0480610880626297,-0.59935003028155,0.0721929949962486,-0.600351420040195,0.371330623587411,-0.370950985387369,0.0119702494393591,0.145895338821258,1.0,0.6931471805599453,-0.2934395304967512,17.0,1.0,0.0,144.51199999999986,130.07599999999914,201.9213509513227,155.72147295023802,0.0069198405189891,0.0076878132192886,52.365,-51.365,5.0,10.0,1.0,11.78350206951907,1,1,0.9359193
153653.0,-5.19249642644832,3.16472117285823,-5.04767906023322,2.24659736005894,-4.01178140454907,-0.638908044905701,-2.87346326933044,1.57631757306221,-2.86198599107206,-2.12045759469323,1.86359573670074,-3.62025176254298,-1.48071442178696,-1.58334340543936,-1.23046922211011,-1.20229796977375,-6.16763653803023,-2.65153904856573,0.0135877061935761,-1.85046996353398,1.16724379365826,-1.00661749345659,0.774561804390922,0.063396916565373,-0.390657771499997,1.8847406746985,-1.74255751463748,-0.08221593472572,247.86,5.516890489347485,3.1560120170474395,18.0,1.0,0.0,71.80799999999991,46.73299999999905,106.88650508839493,79.15342584719042,3.451704497386028,5.303746703534084,4.6,243.26,5.0,10.0,247.86,99.30402880825474,1,1,0.82390237
