Time,V1,V2,V3,V4,V5,V6,V7,V8,V9,V10,V11,V12,V13,V14,V15,V16,V17,V18,V19,V20,V21,V22,V23,V24,V25,V26,V27,V28,Amount,Log_Amount,Amount_Robust,Hour,Day,time_diff,amount_roll_mean_5,amount_roll_mean_10,amount_roll_std_5,amount_roll_std_10,amount_ratio_5,amount_ratio_10,amount_roll_median_10,amount_dev_median_10,tx_count_proxy_5,tx_count_proxy_10,amount_time_interaction,log_amount_hour_interaction,actual,fraud_probability,prediction,prediction_label
145248.0,1.91402682161454,-0.490067987909997,-0.326111312515118,0.604710739174721,-0.8501359998436,-0.736318677031096,-0.524057962475328,-0.0886141066361987,1.09112510472248,0.093484357816225,-0.892304625856107,0.0272205159068718,-0.243790209618721,0.0317740067189187,0.900623897113791,0.536032161644219,-0.648408094097169,0.183072340001028,-0.48632249422331,-0.13957876335222,0.210958428878652,0.639337879054097,0.147522551988298,0.0736542664022496,-0.318378246601246,0.350612262707235,-0.0238434747433154,-0.0371393315055126,50.0,3.9318256327243257,0.3912527073290016,16.0,1.0,1.0,89.922,54.72599999999909,152.23768790943387,108.54671541176565,0.5560374484993945,0.9136424932638662,24.805,25.195,5.0,10.0,25.0,62.90921012358921,0,8.36427e-06,0,Non-fraud
145249.0,2.15269624649984,-0.036160786158066,-2.23181098049803,0.0917658435583919,0.537612206488446,-1.36810250972644,0.613326738349479,-0.455251954849699,0.29181359004335,0.253161344559488,-1.50188197076942,-0.870607641524177,-1.44173756499372,0.988756626201074,0.496349234837293,-0.0686989613348823,-0.454073497932566,-0.299095262736551,0.267443131415241,-0.275777914750361,0.0171533555339963,0.0632416225359206,-0.0345611249491173,-0.626866212626912,0.249213129413917,0.773930519516097,-0.137114784582898,-0.0906106088420727,14.95,2.769458829230853,-0.0985118423810522,16.0,1.0,1.0,85.032,52.2309999999991,154.6399223034279,109.21008016669614,0.1758161612591005,0.286228479519285,19.805,-4.855,5.0,10.0,7.475,44.311341267693656,0,5.9189365e-06,0,Non-fraud
145249.0,-4.03479516717275,2.30507905571504,-1.46169292457709,-0.729887055238227,-1.5287503399573,-1.22567909778369,-0.893353679497868,1.62252199369554,1.29199841774415,-0.0409558359937061,-0.971425287697512,0.574743695630458,0.155656078919204,-0.729054997889385,0.477438947999659,1.06171851569252,0.93469475367536,0.403768792198479,-0.494929851777981,-0.0810925858921718,-0.392556502541116,-0.78759906251576,0.343467795972994,-0.0903313999840935,0.248286972151669,-0.238523845342424,0.26648354183946,-0.0622361634691654,7.7,2.163323025660538,-0.1998183469573115,16.0,1.0,0.0,14.716,52.58599999999909,20.61913989502548,109.04206203731442,0.5232399753166639,0.1464268028291433,19.805,-12.105,5.0,10.0,7.7,34.613168410568605,0,2.3303005e-06,0,Non-fraud
145249.0,-1.66874106862583,1.16805471760364,0.249642461553748,-1.26849748925032,0.785922573014156,-0.663958562166729,0.859432973616895,0.0681106263347446,-0.144183044927318,0.0432880841287975,0.542013736060061,1.00202450469061,0.400759595743433,0.136412487776037,-1.28964902448879,0.276827961550432,-0.868491702025561,-0.366839507131127,-0.187391599008302,-0.0335233340620367,-0.247543775399679,-0.592536769878023,-0.286693549546811,-0.378855664973759,-0.0774289041638705,0.0676084004301294,-0.27896200360197,-0.0641926690992577,6.99,2.0781907597781832,-0.2097393977502969,16.0,1.0,0.0,15.961999999999998,50.81899999999909,19.734197982452287,109.68614441524907,0.4379150208047225,0.1375469777534612,11.325,-4.334999999999999,5.0,10.0,6.99,33.25105215645093,0,2.9595283e-05,0,Non-fraud
145250.0,1.84691003450435,0.1433006669898,-1.17184595841004,1.57094636932068,0.076854330956298,-0.858129523770262,0.164377700637656,-0.251494111614887,0.442113240898617,-0.356824295318869,-0.353769784714169,0.697209839121319,0.980923606132024,-1.25063350943227,0.228086081254202,0.317509256617496,0.42396043689384,0.148562814838007,-0.702680845613352,-0.0464846274924534,-0.0184280865884474,0.0489491616823808,0.105388794096042,-0.119155976928244,-0.0140239000202519,-0.705045034317469,0.0445953007051291,0.000921699345787,68.0,4.23410650459726,0.6427723048976455,16.0,1.0,1.0,29.528,55.12399999999909,27.821478573407003,109.40246992953512,2.302898865385435,1.2335824462379124,11.325,56.675,5.0,10.0,34.0,67.74570407355615,0,0.000577843,0,Non-fraud
145250.0,-0.550678353341949,-0.429004102182237,-1.29189255347072,-0.414409226593379,-0.292228538671312,0.071842939235058,2.42606795091335,-0.212729758223082,0.412374372851086,-1.93996940549555,-1.81011838293809,-1.22351031687552,-1.32491464932768,-1.46239178995552,-0.31164055759838,0.506707760378257,0.739932584638577,0.892422017204659,0.195042529037103,0.791126747715284,0.0030319394481489,-0.645782978858753,0.877016475964068,-1.22852893747944,-0.0362812174160739,-0.110609895882901,-0.0983803135271981,0.0959849443846813,460.71,6.134936988364375,6.130231258296654,16.0,1.0,0.0,111.67,100.79599999999908,196.76026796589312,166.2481764110986,4.125638003710594,4.57071704660192,27.175,433.535,5.0,10.0,460.71,98.15899181383,0,0.0004190341,0,Non-fraud
145251.0,-0.450863340217079,0.821396822909188,0.986015338523601,4.39107254317363,0.264297292578531,2.72233493654552,-0.864041448668683,1.34599294057147,-1.47587155707286,1.47191077091274,0.507722168105247,-0.156697157779501,-0.713424852511654,0.539047964239769,0.89163185242802,-0.349279635499955,0.797253611056106,-0.167932403049895,0.100445497460106,0.202604439869619,0.389758916287497,1.14677959734586,0.0918994425329162,-1.43816490950187,-0.429207569021624,0.645418590431822,0.200152463082103,-0.103724458734066,56.31,4.048475128563646,0.4794242995877874,16.0,1.0,1.0,119.94199999999998,102.48699999999909,192.5008139463572,165.63918149269904,0.4694769099274908,0.5494355328047945,32.475,23.835,5.0,10.0,28.155,64.77560205701833,0,5.9379137e-05,0,Non-fraud
145253.0,0.461141544039502,0.931318323218357,-2.1228570806079,0.788164630696827,1.95873614237057,-0.689071304990084,1.64826352829031,-0.366704893492416,-0.587490062345072,0.444761655377539,-1.92996493275711,-0.892011990598232,-0.938957907059316,1.03326907555703,-0.163554753658264,-1.08885883240389,-0.216921957213488,0.152135644500435,0.731020406522648,0.0515029309744554,0.484443486986024,1.60719767308095,-0.028894775812778,0.0019107946185474,-1.01311964386367,-0.34469759675099,0.580920070513225,0.409218708622426,40.23,3.7191661467188086,0.2547334590931321,16.0,1.0,2.0,126.448,70.58199999999908,188.26201799622245,139.31620507166994,0.3181544957756983,0.5699753397470344,27.59,12.64,5.0,10.0,13.409999999999998,59.50665834750094,0,0.00025333505,0,Non-fraud
145253.0,0.257262964389881,0.663825606843136,0.105008892819162,-0.167841159009286,-0.364902401703871,0.488613747189471,-0.81138913876356,-2.46579987129311,1.03806240327374,-0.391751730076839,-1.54610633284607,0.918628725439195,1.36110636547592,-0.319568686496687,0.198547387199033,0.134247824871569,-0.639876945447752,0.438221978241934,0.0041276280151552,-0.556440805020665,2.57036174143278,0.374189933786438,0.0976735456453551,-0.609757650902358,0.0661475612505318,-0.113299032878745,0.447557473553204,0.358054788758546,30.52,3.4506222649896783,0.1190526095158247,16.0,1.0,0.0,131.154,73.55799999999908,184.79149393305408,137.97033955010608,0.2327035375764099,0.4149106770859689,35.375,-4.855,5.0,10.0,30.52,55.20995623983485,0,7.7337616e-05,0,Non-fraud
145253.0,1.95270522902794,-0.536205772140693,-0.594048718347506,0.276406037321682,-0.332130742209018,0.345708733711009,-0.771184359960517,0.312286397987876,1.06639809232623,0.233469336311293,0.206878828816037,0.0095143693764673,-1.58617469029746,0.417524880016276,0.123031699145928,0.804880976204975,-0.834223631903707,0.448574677051833,0.241798344922801,-0.241331548816194,-0.195588671528534,-0.621146438234769,0.392702015782681,0.151144106803582,-0.602073815175867,-0.0375941415064216,-0.0317440331854352,-0.0479756578545892,19.99,3.0440461338325417,-0.0280863550618319,16.0,1.0,0.0,121.552,75.53999999999908,190.06551507311897,136.9374472767864,0.1644563630013791,0.2646280081463097,35.375,-15.385000000000002,5.0,10.0,19.99,48.70473814132067,0,1.6384203e-06,0,Non-fraud
145254.0,2.04069733678739,-0.387300707285172,-1.13443967134515,0.308808271877228,-0.404468519585411,-1.05100951239716,-0.0748837499970393,-0.204411257207715,1.38065336539611,-0.155574008020655,-1.37104136556201,-0.288899526737711,-1.62085834391858,0.348335101460798,-0.269419347509821,-0.565110726984385,0.0196402306117119,-0.236835654054466,0.30438877407378,-0.331811195721374,0.0612738015762598,0.425889643255802,0.0407482440915697,-0.0028457632476839,0.155335347730009,0.200750078584071,-0.0371020264045049,-0.0653394538454901,10.0,2.3978952727983707,-0.1676797317124292,16.0,1.0,1.0,31.410000000000004,71.53999999999908,17.940171404157535,138.3433651784751,0.3183699357411672,0.1397819382194323,25.255,-15.255,5.0,10.0,5.0,38.36632436477393,0,1.7975255e-05,0,Non-fraud
145255.0,-0.344878887037186,0.590085683051835,1.65432008712273,-0.539225326300031,0.709433661674679,0.124842356475722,0.628930214799303,-0.176062565209551,0.150997728295396,-0.734857677710937,-0.885156070540687,0.726893135072331,1.71918913582079,-0.65860205804155,0.489434610861786,-0.0872676079653724,-0.740512426677529,-0.0591641606732562,0.490522439260713,0.204202239950794,-0.163881969041845,-0.22141205832311,-0.113522174914039,0.480751985471791,-0.230198582098955,-0.581678038568465,-0.0045991258465249,-0.0650775157946948,9.99,2.39698576841553,-0.1678194648221896,16.0,1.0,1.0,22.146,71.04399999999909,13.201296527637204,138.5774931381733,0.4510972432449543,0.1406170803921942,25.255,-15.265,5.0,10.0,4.995,38.35177229464848,0,5.35346e-05,0,Non-fraud
145256.0,-1.37269486987926,0.350017673629071,1.65030546508982,-2.37323439443287,-0.278008464658811,-0.401850891054726,-0.0094651715356167,0.623485944680101,0.509298514748293,-1.90289638509678,-1.33668019670657,-0.197665817044235,-0.634279412290026,0.0280285906034183,0.0122270959332159,0.98810275376935,-0.746402544655405,-0.0089269321076306,-0.987003953951392,-0.163797133294832,-0.0326086407324599,-0.446704157335116,-0.151930121235829,0.73872025701884,0.335022535875866,0.548515955951351,-0.189032599606702,-0.0459734460770343,33.37,3.5371840908617425,0.1588765457975267,16.0,1.0,1.0,20.774,73.61099999999908,11.029869899985858,137.50736040507635,1.6063347643046708,0.4533289799985251,31.945,1.4249999999999972,5.0,10.0,16.685,56.59494545378788,0,2.8173454e-06,0,Non-fraud
145256.0,0.907766017157302,-2.40495138404398,0.298171390771837,1.38756764507272,-2.20069030916735,0.157153932805125,-0.745462417128815,0.151666236494579,2.12877416285245,-0.390836571521896,-1.11840381568701,0.438431797171837,-0.549019185737857,-0.685696936780859,-0.345519270271872,0.156302026723244,-0.0227807477592508,0.104931103267814,-0.54447120518588,0.739839710252857,0.467047233068158,0.606398845606325,-0.178085077277176,0.467544723694745,-0.678101903994468,0.322506085361306,-0.0457915112683439,0.0578860279699714,505.93,6.228372926997905,6.762104380632992,16.0,1.0,0.0,115.856,123.50499999999909,218.26878975247485,190.8291019181939,4.366886442075625,4.096433309611517,36.8,469.13,5.0,10.0,505.93,99.65396683196649,0,4.3778353e-05,0,Non-fraud
145257.0,1.85190216689949,-0.802955153254155,-0.533193846971731,0.781699937111269,-0.860186534705389,-0.553944366536581,-0.361169080342408,-0.27252086168695,-0.515280283231408,0.907710977351951,-0.92501159836238,0.886259523011212,1.90216577339985,-0.361022272005988,-0.034262900021659,-1.42237744372845,-0.409832645628472,1.13079619931478,-1.31131159580911,-0.327213957150773,-0.227452554336155,-0.201144194108752,0.142272115904036,0.0227974500551198,-0.159590304572469,-0.692114391318251,0.056121459346041,-0.0058886303154401,126.0,4.844187086458591,1.4532243415077204,16.0,1.0,1.0,137.058,129.3049999999991,211.6778478490604,189.83347534385655,0.9193188218176334,0.974440269328801,36.8,89.2,5.0,10.0,63.0,77.50699338333746,0,1.4300006e-05,0,Non-fraud
145257.0,1.5254667099593,-2.05366191572323,-1.87051029031724,-0.914732773483045,-0.496729776403696,0.0955395166873815,-0.181418508065117,-0.181784172304842,-0.445884969686131,0.760965882260628,-0.228666560174405,-0.0420769515609896,0.676082656614136,-0.105963877343017,-0.664190528746402,1.49925272886709,-0.486425053248674,-0.526312467427937,1.31198535164954,0.792096492244436,0.384145360069115,0.31412855867889,-0.365359404033334,-1.33050684118997,-0.0296642715550961,-0.137951241756604,-0.0905027977206077,-0.0147227445907528,385.98,5.958373012107783,5.086005729057501,16.0,1.0,0.0,212.254,121.83199999999913,221.7973623152663,176.32831106903964,1.818481621931829,3.1681331409799536,36.8,349.18,5.0,10.0,385.98,95.33396819372452,0,8.8636925e-06,0,Non-fraud
145258.0,1.75692393193661,-0.523307416136689,-0.868035852738651,1.5434271103173,-0.16165267895141,0.139892923053444,-0.0968470013323709,0.106379139018091,1.02481079822907,0.146200544315509,-0.178328225269225,0.798350484502122,-1.33409796726687,0.163377702132495,-2.26316025174597,-0.551872595973348,-0.0859839598526489,-0.245056986367367,0.61663594745471,-0.181830632932281,-0.260953810451907,-0.625008617410453,0.123315323419944,-0.451590002503161,-0.0092643408810508,-0.819147391359888,0.0149733132134106,-0.0443331176871824,94.5,4.5591262474866845,1.0130650457625934,16.0,1.0,1.0,229.156,125.65099999999912,205.1238470534555,175.1612329287695,0.4123828291103753,0.7520831449643658,36.8,57.7,5.0,10.0,47.25,72.94601995978695,0,1.0484012e-05,0,Non-fraud
145258.0,1.79654680419237,-0.679188839680535,0.0465960516285467,0.682785591205242,-1.07373308434251,-0.447477585202978,-0.677140281387228,-0.0280482875279975,1.23293399312418,-0.0309338688932777,-0.807330219525109,0.622320188435696,0.680712333969679,-0.364086041177092,0.677325253178616,0.609945177689193,-0.681162025345032,0.0076796645266508,-0.418508307698302,0.0112622324411679,0.0816009706414447,0.222456583707183,0.235279622513988,0.0718864285506925,-0.554411879244348,0.15442152938258,-0.0045515446396755,-0.0174936135115676,94.9,4.563305981889393,1.018654370153008,16.0,1.0,0.0,241.46200000000005,131.11799999999909,191.85834493190367,173.039209930434,0.3930225029486109,0.7237755249182045,63.935,30.965000000000003,5.0,10.0,94.9,73.01289571023028,0,1.6562907e-06,0,Non-fraud
145258.0,-1.64354610778397,3.17904165758289,-2.95447187600364,-0.308829492625218,1.15992763340231,-0.312636129051502,-0.924232446164556,-7.47144747241525,0.0664933109858389,-0.950666840863799,0.180987100267638,0.361084051911151,-0.121989669736813,-2.36720561802701,-0.718414322946889,0.257339849177857,2.73854739885814,0.535115330541082,-0.981505860331515,-1.56605048747322,6.95658995990574,-1.96036867618571,0.964108580349555,0.784904355380801,-0.189375681395317,0.546709704450825,0.298356630137987,0.137502571701362,0.76,0.5653138090500605,-0.2967931251309997,16.0,1.0,0.0,140.42800000000005,128.1419999999991,145.08039329974923,175.20394413373091,0.0054120260531231,0.0059309203389137,63.935,-63.175,5.0,10.0,0.76,9.045020944800967,0,0.0016915961,0,Non-fraud
145259.0,2.03604100699752,0.259237112061186,-1.77152174912986,0.458296463851073,0.58433339560063,-0.820822765187213,0.305824337653041,-0.271229983060356,0.549964816804581,-0.648270584432134,-0.304626722747511,0.758271809926769,0.93267678269774,-1.09519011336794,0.293868241322941,0.011491983884636,0.578979091918731,-0.249354512699942,-0.0233264427664556,-0.113310418117112,-0.317083775125249,-0.740493470935601,0.283708719794061,0.488746862046979,-0.0638257159889501,-0.610194160357141,0.0074873105550894,-0.0139175081967594,9.99,2.39698576841553,-0.1678194648221896,16.0,1.0,1.0,117.22600000000004,127.1419999999991,156.7701523888079,175.91691168785704,0.0852200016615767,0.0785735627992835,63.935,-53.945,5.0,10.0,4.995,38.35177229464848,0,0.00013730553,0,Non-fraud
145259.0,-1.32924847858375,2.05731248811531,0.417536455561192,3.25922636368132,2.03158197603506,5.80857060367713,-1.96641635498507,-0.780131009357873,-2.36138722896338,0.690474284018801,-0.529496662632918,-0.312277590802857,-0.112674727476686,0.849991762574227,1.2843712679476,0.382491854747933,0.318950257952833,0.0903630606382417,0.940715700859977,0.962590857117023,-1.44747305513578,-0.254169811483934,0.17216647086959,0.624781752614078,-0.0921782120305652,0.21572784695024,0.223553280271055,0.132879330108055,0.76,0.5653138090500605,-0.2967931251309997,16.0,1.0,0.0,40.18200000000001,126.2179999999991,49.910544176661695,176.62341054097735,0.0189139410951684,0.0060213281305255,63.935,-63.175,5.0,10.0,0.76,9.045020944800967,0,0.0028392975,0,Non-fraud
145260.0,-1.24615005193395,0.863063907057315,0.478690331294345,0.405341886551499,0.203485361233868,0.168487622534722,-0.136938542058818,0.682942053770281,-2.00955859684143,-0.477579550809864,1.10649394547589,0.186051836688655,0.610691006852801,-1.88621357091131,0.0646837713372074,-0.880417527161604,1.71082073924038,2.98924327628777,-0.277784567129576,-0.0132114024205995,-0.319464724548221,-0.588917811654062,-0.186106642367858,0.46803590265954,0.571794405773225,-0.403076153712822,0.259077727501077,0.077266751307112,56.0,4.04305126783455,0.4750925731852162,16.0,1.0,1.0,32.48200000000001,130.8189999999991,41.73596674345215,173.83657391998298,1.7240317183661185,0.4280723715356944,75.25,-19.25,5.0,10.0,28.0,64.6888202853528,0,0.000289216,0,Non-fraud
145260.0,-0.413327590191674,1.30124116363871,1.45116152863327,4.46592667340593,-0.0838336499959818,1.36212960091059,-0.438776051905308,0.779888463719719,-1.56812766494948,1.13938137907708,-1.659784520076,-0.882777748547504,-0.129257172365307,0.225317828258489,0.75605128502488,0.212962272902172,0.245408109482051,0.696002580184174,0.947054567452277,0.133876419927972,0.386091688532734,1.04350937109962,-0.0218118004471652,0.609969404061195,-0.695183877247839,0.463574036987883,0.119989607052863,0.134411319849861,30.26,3.4423393249933305,0.1154195486620555,16.0,1.0,0.0,19.55400000000001,130.50799999999907,23.668694091787557,174.03295587015805,1.5475093818395522,0.2318631790245581,75.25,-44.99,5.0,10.0,30.26,55.07742919989329,0,4.1690296e-06,0,Non-fraud
145260.0,-0.110602637719343,0.858057248307809,-1.27380032582223,0.0015740831931708,2.40470666961423,3.8486400052187,-0.268571245836613,1.30049489943951,-0.72904256447651,-0.26844878164514,-0.10477384382201,0.151985812498435,-0.0542615662471033,0.989084132710728,1.75925514643441,-1.41353897156563,0.752185885079202,-0.221630810137733,2.76925884835445,0.165290640187616,-0.089540493330642,-0.301653178993479,0.125633485829894,0.70088032466195,-0.76957545124035,-0.193722562282163,0.143983370970751,0.13455900160038,9.99,2.39698576841553,-0.1678194648221896,16.0,1.0,0.0,21.400000000000013,80.91399999999909,22.147490828773545,116.22511176359602,0.4668224080924105,0.1234644174869082,43.13,-33.14,5.0,10.0,9.99,38.35177229464848,0,2.2392849e-06,0,Non-fraud
145261.0,-0.62757185412835,-0.0862633389094794,-0.089316163591387,-2.38544345644197,-0.370981211015547,0.429404968866803,0.0937366492890487,0.607601356446897,-0.462057825199923,-0.373188528924447,-2.45186647087185,-1.4086423400839,-0.828651497543018,-0.20496808948926,-1.03306832496934,1.57678364859723,-0.0975814099779054,-1.24507096542024,0.508925382005399,0.214106951985503,-0.111376966639764,-0.62682833054226,0.416874211459815,-0.467798355391392,-0.712583336519502,-0.721971711378546,0.263590139473044,0.210213952603012,131.7,4.888090941338162,1.532872214071124,16.0,1.0,1.0,45.742,81.4839999999991,52.52447638968394,116.48448196130552,2.879191926911986,1.6162682046013113,43.13,88.57,5.0,10.0,65.85,78.2094550614106,0,2.528277e-06,0,Non-fraud
145261.0,-1.05785357276062,-1.40150901055726,-0.871778659051738,-0.174520164247565,3.93046358895425,-0.124370206399793,-0.165114968756432,0.201861758847912,-0.574864728202452,0.319396501141963,0.759207093511972,-0.148871337360078,-1.21673210153876,1.07444802027387,0.770238754912987,-1.32310218218424,0.290341991042894,-0.814989263240586,0.468319451498521,0.423676913016535,0.411697613571997,0.881593696152855,0.255282074538627,-0.903480817713353,-0.954947099768216,0.783468900877092,-0.0403983525025446,0.0176493324642264,6.45,2.0082140323914683,-0.2172849856773562,16.0,1.0,0.0,46.88000000000001,43.53099999999909,51.35486393722078,47.87216297384169,0.1375853212972414,0.148170266059357,20.125,-13.675,5.0,10.0,6.45,32.13142451826349,0,0.0013005455,0,Non-fraud
145262.0,1.69942801886923,-1.07603857050919,-2.64692462133234,-0.740128295760659,2.06211899518479,3.52178243165758,-0.398007006113043,0.799254734732779,0.92240215560036,-0.271087505819737,-0.185489093582732,0.588103037095365,-0.255912367390281,0.33773352162345,0.159408735721247,-0.562211054862966,-0.179438232732109,-0.740010203792674,0.175235277956238,0.180083896553532,-0.0651581350630574,-0.433282627648568,0.105064278536228,0.724002129055409,-0.0909903461365191,-0.085987356751554,-0.0375816578927667,-0.0327656119358175,175.4,5.172754143572691,2.1435059037238875,16.0,1.0,1.0,70.76000000000002,51.62099999999909,77.67276260060743,62.14929077109039,2.4788015477840366,3.3978418977191684,20.125,155.275,5.0,10.0,87.7,82.76406629716305,0,2.341999e-06,0,Non-fraud
145262.0,-0.142559284598507,0.668841306167432,-1.66589095482822,-0.868148875200877,-0.716023764708184,-0.0892253112595725,0.623345853617008,-4.00016998576253,-1.30459507491624,0.595079155571725,-1.00843072925782,0.677715109355404,1.23859389953757,0.367680095594899,-0.954385405547219,-2.03421681972612,0.174559306499453,0.402363087773302,-1.21527719352703,-1.50437128557688,2.75533995133843,-1.00167040669269,-0.859977961798488,0.0202689542182071,0.308382357928975,0.492557417411523,0.618204637287885,0.224842595446817,330.16,5.802601642270605,4.306015510375184,16.0,1.0,0.0,130.74,75.1469999999991,133.9704633492397,107.98095768860972,2.5253174045791846,4.3935219716885845,20.125,310.035,5.0,10.0,330.16,92.84162627632968,0,2.2643095e-05,0,Non-fraud
145266.0,-0.382086915174833,1.25248390168247,-1.19499148830666,-1.16540612714724,0.912669758046765,-1.34488357163112,1.21889918764626,0.119388185905356,-0.710399034261942,-0.511184141007956,0.247904060817432,0.284686595566118,-0.893406469202832,1.34549047071625,-0.825758158685395,-0.225822652953154,-0.560436902474758,0.332239718846615,0.273672727775817,-0.206166874639437,0.312632674965324,0.91630375442737,-0.239526545509583,-0.299995131240246,-0.294564385877377,0.0929283148164769,0.262149311886611,0.189222131564398,3.85,1.5789787049493915,-0.2536155942150492,16.0,1.0,4.0,129.512,75.4559999999991,135.37476674037146,107.74861001431056,0.0297269748770231,0.0510231121312676,20.125,-16.275,5.0,10.0,0.77,25.263659279190268,0,1.10806795e-05,0,Non-fraud
145266.0,1.98474308230178,-0.932660933663551,-0.252222783541158,-0.410248775310062,-1.16691479261347,-0.462853429979449,-0.832239244215973,-0.0535503493150282,-0.439099842705142,0.931321329366955,0.945393356812634,1.3297949420323,1.249821259036,-0.182818735284481,-0.443763344166453,-0.964381931995073,-0.509028239064447,1.1951350206216,-0.562913826449333,-0.443345850544449,-0.53047584122834,-1.04171497056664,0.475108554534247,0.0499536957976515,-0.784607784128279,0.201235501981892,-0.0189286043057072,-0.0385449466074919,50.95,3.950281717545237,0.4045273527562356,16.0,1.0,0.0,113.362,79.55199999999908,139.7930594486367,105.74331676288554,0.4494451363821639,0.6404615768244546,40.605,10.345,5.0,10.0,50.95,63.20450748072378,0,2.595092e-06,0,Non-fraud
145267.0,2.04935126333925,-0.557691279010039,-0.601438143503433,-0.842199010474073,-0.646694224164054,-0.638449047747348,-0.586938159614866,-0.0589178283406838,1.47938103450026,-0.407716916222517,-0.642883169188752,0.441118923345693,0.176824635770281,-0.0198745616563106,1.20793963216227,0.330019774395954,-0.538215773427448,-0.252987603683079,0.291246474852701,-0.125946094902889,-0.181133498117416,-0.458485929752874,0.436030040434337,0.743298992159106,-0.620755904969848,0.300243663971235,-0.0450675002418367,-0.0383158794222394,11.85,2.553343811341229,-0.1418291064067631,16.0,1.0,1.0,114.442,80.66099999999909,138.77776864472952,104.87978519881358,0.1035459000756199,0.1469111448294589,40.605,-28.755000000000003,5.0,10.0,5.925,40.85350098145966,0,1.0013998e-06,0,Non-fraud
145267.0,0.0080966396873351,0.87508111781832,0.308625313217381,-0.589932511020842,0.541741926747996,-1.04304439844803,1.03247644721505,-0.22555901424214,-0.167670434769802,-0.441300039033397,-0.736635928283158,0.596617788381642,0.828387912692638,-0.0435982303600336,-0.444497616457816,-0.190945383470817,-0.398523747626186,-0.936476458826979,-0.161365170261821,0.020104458520645,-0.24141638459937,-0.482835204334695,0.0767279519061228,0.0020425267965234,-0.474398706801971,0.140635933793948,0.253933019830938,0.0994544489399283,4.47,1.6992786164338898,-0.2449521414099071,16.0,1.0,0.0,80.25600000000001,75.5079999999991,141.0422155952262,107.46022187051555,0.0556967696409393,0.0591990244848364,21.055,-16.585,5.0,10.0,4.47,27.18845786294224,0,3.6639121e-06,0,Non-fraud
145267.0,-1.19411669908378,0.320061593277449,1.85580880900403,-0.7565084786494,0.232411460821146,0.036502686992445,1.48939576402007,-2.0133479085959,1.28317180074751,3.32145959483516,-0.813367426921839,-1.52637535445147,-1.0922361612086,-1.98886822326116,0.296769512384822,-1.89052894826973,-1.23926858149514,1.11956307450993,-1.32419265373584,-0.630112657533547,-0.59894132833171,-0.47000937046989,0.0797529970957376,-0.161430894223041,-1.55805418114378,-1.44313928621827,-2.74494688708502,-1.17998628093564,40.0,3.713572066704308,0.2515195975686439,16.0,1.0,0.0,22.224,76.48199999999909,21.80365519839727,107.04788303482792,1.7998559305320403,0.5229988687142283,25.925,14.075,5.0,10.0,40.0,59.41715306726893,0,6.268752e-06,0,Non-fraud
145267.0,-1.54249974422168,0.891290144899019,-0.0412990935440002,-0.832997976399308,-0.761724418351768,0.496172007474175,-0.0263362019400272,0.892589411374825,0.163015469796534,-0.802945887520478,0.0603093393986742,0.565964361371477,-0.370302017401149,0.642746644351676,0.0256890372357225,1.03655781367555,-0.882134938946563,0.817437911679811,0.0993245062810762,-0.605388294386734,-0.0296145671591669,-0.397461678040488,0.14196947966954,0.222334269808564,-0.124059792407847,-0.670494507475891,-0.679345896785973,-0.148318662736133,118.49,4.783232685861663,1.3482847760776917,16.0,1.0,0.0,45.152,87.3319999999991,45.28429772018623,105.0394128993403,2.6242469298315263,1.356776423799121,45.475,73.01499999999999,5.0,10.0,118.49,76.5317229737866,0,7.3135334e-07,0,Non-fraud
145268.0,-0.244354870459116,0.941884701384742,-2.05424905574764,-1.5012981843606,2.80377735345154,3.16091915794712,0.0172443003150013,1.34635868519409,-0.33085596228818,-1.03154723144379,-0.0103648837176436,0.0034123994423541,-0.364747141672641,-0.434880601682772,0.117303505714858,0.338642004137661,0.520343099453696,-0.334436724179515,-0.405935543498538,-0.0426013525265719,-0.287100806512985,-0.919218240146402,0.183367851785433,0.591312097568187,-0.396782407197742,0.166222025500547,0.117936154895231,0.006300360629741,9.85,2.3841650799864684,-0.1697757283588346,16.0,1.0,1.0,36.932,75.1469999999991,47.63780767426762,106.37966754880262,0.2667063720701188,0.1310764217989234,25.925,-16.075000000000003,5.0,10.0,4.925,38.146641279783495,0,1.8340794e-05,0,Non-fraud
145269.0,2.00318980768978,-0.210934816093759,-1.03991624249841,0.32675661567774,-0.222390264400549,-0.886172793959959,-0.0271370587137836,-0.0868310991385976,0.489484463321047,0.275155761058249,0.841311313782448,0.419995864875189,-1.45902570147635,0.765322843513249,-0.463435801032689,0.0746706574041383,-0.370653232879629,-0.316468947669533,0.341506592309645,-0.312918090593629,-0.242353106648188,-0.663841721859816,0.361796411732394,-0.0209310813089315,-0.402914975031712,0.183110009454966,-0.0805833383974481,-0.072836277920358,1.98,1.091923300517313,-0.2797456857402361,16.0,1.0,1.0,34.958,74.69999999999911,49.11846669034491,106.70928159159246,0.0566393942262316,0.0265060237415528,25.925,-23.945,5.0,10.0,0.99,17.470772808277008,0,9.168823e-06,0,Non-fraud
145269.0,2.03699720598333,-0.810069913128667,-1.13198961405305,-0.515615727805443,-0.883623196985614,-0.97963574011052,-0.814968877024163,-0.169612637623415,0.0340355785097416,0.0462192088414499,-0.317452895568399,-0.661298538501663,0.374327812493795,-2.13035846889037,0.368457814321397,1.62244456582316,1.39869633882238,-0.532303708339697,0.137879846360323,0.140233714089126,0.2732231086242,0.785970131659155,0.0556522637773372,-0.174213657269638,-0.168061991919942,-0.0864338642031461,0.0238302735924895,-0.0033816852831521,69.0,4.248495242049359,0.6567456158736813,16.0,1.0,0.0,47.864,64.0599999999991,47.55788714830011,100.6874928788989,1.4415844592682507,1.0771151876816387,25.925,43.075,5.0,10.0,69.0,67.97592387278975,0,9.082145e-05,0,Non-fraud
145269.0,-2.13661004749509,0.283365804904782,0.366701100642975,-1.47490628621224,-0.759793686759118,-0.157120771429134,-0.129995086918598,0.800516141781303,-1.68749392063364,-0.0491969576386852,-0.142069495380922,0.498635571965864,0.545221526258423,0.50177243811878,-0.79869047942601,-0.86219153464589,-0.232133113243773,1.73071648049753,-0.283478886495901,-0.582598297942332,-0.36281878783391,-0.72704730661866,-0.203780648867771,-0.477530350948625,0.55618877150822,0.661857979917449,-0.163575784933793,-0.20177916033083,73.75,4.314149212270796,0.7231188430098512,16.0,1.0,0.0,54.614,38.41899999999909,48.54750384942989,39.37260509845074,1.3503863230968924,1.9196230531866707,25.925,47.825,5.0,10.0,73.75,69.02638739633274,0,3.9816393e-07,0,Non-fraud
145270.0,0.499233244674934,0.840131923677339,-0.618756319805095,-0.59781102442018,1.21390082343854,-0.857768736544173,1.14826938192275,-0.437605027862442,-0.0835207720918034,-0.681523313144327,-0.530569066043141,-0.329955305895529,0.279664508818775,-1.19069283829993,0.326496027992363,0.382604315465327,0.11491437300491,0.354618694658118,-0.737143783927404,-0.0620820223297166,0.229420332968436,0.923751354685681,-0.124397632258334,0.57368200533237,-0.714815288456036,0.455958436104803,-0.082918201789377,-0.10516006488596,1.5,0.9162907318741552,-0.2864528750087333,16.0,1.0,1.0,31.216,38.18399999999909,36.84787008784286,39.60816812525607,0.0480522793422514,0.0392834684872346,25.925,-24.425,5.0,10.0,0.75,14.660651709986482,0,0.00014385121,0,Non-fraud
145271.0,0.0455430208979242,0.867317576589331,0.288375586127089,-0.589022260755928,0.419485139698779,-1.11883096194709,1.00841695099634,-0.206709065961904,-0.0443777187485246,-0.410231803599421,-0.939487423286577,0.138377566637117,0.0238299269798484,0.109153237240084,-0.403291083458562,-0.0892239935266606,-0.415054946067627,-0.744747703347365,-0.0775856347761697,-0.0389494802237803,-0.261853390298342,-0.573533943255224,0.0657971835336123,0.0144848049318028,-0.486989016782869,0.139296825014475,0.247466784960626,0.0972473165795252,2.28,1.1878434223960523,-0.2755536924474254,16.0,1.0,1.0,29.702,33.316999999999084,38.08013681711967,40.8364113263687,0.0767625049908253,0.0684335303768806,10.85,-8.57,5.0,10.0,1.14,19.00549475833684,0,1.0988916e-05,0,Non-fraud
145271.0,1.03382849369221,-2.0331062741635,-1.4391639381021,0.499440812029421,-0.381727079630096,0.828124740512053,-0.0032748462640733,0.0422003444793476,0.682422969192778,0.0034655053099533,-0.0026987413673151,0.87747998933311,0.988320699074359,0.0537148309645167,0.272321983945018,1.09235010539183,-1.36275273871486,1.04229570622435,0.0650179210998877,0.977725576979358,0.487187899563399,0.325498191974572,-0.397622287277992,-0.271808881665013,-0.32588209791286,0.311862503022824,-0.11785977756355,0.0342563089013803,528.75,6.272405197148409,7.080975337106128,16.0,1.0,0.0,135.05599999999998,85.00699999999908,222.81351940582496,160.99792159118877,3.9150426199869495,6.220075920570421,24.925,503.825,5.0,10.0,528.75,100.35848315437454,0,7.103857e-05,0,Non-fraud
145271.0,2.09534167095625,-0.145675502432994,-1.50107426061167,0.0487974684299057,0.421024186199935,-0.275904045052925,0.0436870925924945,-0.106154845764249,0.389306243168537,0.250222197025087,-0.0465132116128997,0.65333801556433,-0.0520005827978255,0.451095194739223,-0.557230070735239,0.416692390457639,-0.919024281773273,0.0053396437093075,0.844389318263606,-0.192460120892766,-0.311149985934179,-0.803678147805601,0.196854299998623,-1.10413851327767,-0.191753280758109,0.246220160946881,-0.0774087806940948,-0.081547290336387,1.79,1.0260415958332745,-0.2824006148256829,16.0,1.0,0.0,121.614,84.73899999999908,229.71528710560384,161.14904050120913,0.0147187000286258,0.0211236854208373,24.925,-23.135,5.0,10.0,1.79,16.416665533332388,0,1.48455865e-05,0,Non-fraud
145272.0,-0.900921903579828,1.21006468890525,0.54972188012439,-0.847869145173534,-0.395671097187247,-0.697889523137017,-0.0827569886371942,0.686229219736046,0.477093948178036,-1.03719313555004,0.895369692934657,0.202011122933069,-1.2533314487211,-0.785919028868224,-0.184692564134238,0.949137877296539,0.367151266488497,1.00943134623245,-0.131411935895928,-0.0209167638936655,-0.225417037265214,-0.613248598419095,0.0350989091274703,-0.0964382712097548,-0.171190023865098,-0.267564389991048,0.258753591868322,0.0915232812340896,0.92,0.6523251860396903,-0.294557395374834,16.0,1.0,1.0,107.048,80.83099999999908,235.7390983057543,162.8197508119343,0.0085942753849275,0.0113817717041511,6.065,-5.145,5.0,10.0,0.46,10.437202976635044,0,1.6019247e-06,0,Non-fraud
145272.0,2.0377765597005,0.15276351506112,-1.71797678793127,0.537471537346282,0.136442046578906,-1.45140739847498,0.232956828545584,-0.343369233787239,0.665040011864521,-0.468011883960601,-0.384397959651775,-0.183161687427112,-0.508789583788865,-0.621811185445387,1.00090314344131,0.168148680467387,0.481842832776052,0.473389954909192,-0.502756285792885,-0.234138223234628,0.19890815821748,0.721162541380753,-0.0123580698946211,-0.0904191792095251,0.219268540974871,-0.0972158190045735,-0.0034717367595973,-0.0318278941066804,8.77,2.2793164660546914,-0.1848669042129532,16.0,1.0,0.0,108.502,69.85899999999909,234.94643234152352,163.69456004337414,0.0808280024255036,0.1255385830667706,5.525,3.245,5.0,10.0,8.77,36.46906345687506,0,1.970558e-05,0,Non-fraud
145272.0,-0.973103432932478,-1.13623922925301,-2.52641079411678,-1.1156295892523,0.842783065462366,-1.50734799495948,1.01867279662651,0.0824249692900137,-1.80813071936091,0.583906771983828,0.0105352606319701,-0.156951924801085,-1.01609136565479,1.40173557781997,-1.6554256888501,-1.87708302223845,-0.0770426620877721,1.55979183899154,-0.804848746946503,0.102450835406763,0.397511428404335,0.899641953428399,0.592454020444039,0.786498758606402,-1.28522727812982,0.602593643480989,0.311631188446164,0.151562149721039,217.47,5.386648705338001,2.7313630964857123,16.0,1.0,0.0,151.54000000000002,90.62099999999909,230.2872493213852,168.33844932494466,1.4350666395996656,2.3997748601342668,5.525,211.945,5.0,10.0,217.47,86.18637928540802,0,1.23839245e-05,0,Non-fraud
145272.0,1.97892109077874,-0.127710683784344,-0.819767540451517,0.438618854442539,-0.411905229567693,-1.22533372634848,0.0552835983163389,-0.191631429088694,0.329640861857305,0.258019135237089,1.36444839199469,1.00967302563259,-0.690330668769641,0.61950577254539,-0.639003211933262,-0.0463974937081338,-0.301219550939513,-0.48811476980365,0.22694552572316,-0.267806059481998,-0.206950318909524,-0.529652843113306,0.404159183577181,0.533148599145039,-0.42312601721059,0.1454045412806,-0.0775799238566539,-0.0655910908444856,1.98,1.091923300517313,-0.2797456857402361,16.0,1.0,0.0,46.18599999999999,90.62099999999909,95.80233781077808,168.33844932494466,0.042870132878575,0.0218492400012224,5.525,-3.5449999999999995,5.0,10.0,1.98,17.470772808277008,0,5.1162706e-06,0,Non-fraud
145273.0,0.0016186310396768,0.7343981896419,0.14050197372617,-0.778401803257396,0.641987934458113,-0.60557210102953,0.857258312102476,-0.0095525136473283,-0.212196073726094,-0.228114861967977,0.351503560978449,0.477365834558464,-0.422550396245786,0.370345665740079,-1.02799601138352,0.236184568097744,-0.776812780163739,-0.0727065989646013,0.355171935377432,-0.0282364951727125,-0.235249963897784,-0.56710896478128,0.0256237375379644,-0.425296018605027,-0.479086638283428,0.146357204772155,0.238150388536233,0.0832146870072018,5.36,1.8500283773520307,-0.2325158946412352,16.0,1.0,1.0,46.9,84.25699999999907,95.40120570522384,170.43652034641426,0.1142857118489187,0.0636148917761749,3.82,1.54,5.0,10.0,2.68,29.60045403763249,0,1.1771188e-05,0,Non-fraud
145273.0,1.99238491849882,-0.294909818520587,-0.287522454571426,0.406893655778554,-0.731210933588495,-0.759429176908978,-0.502093494312536,-0.0444520732701452,1.28201378164163,-0.110883708665069,-0.776001924523416,0.139563312305973,-0.513632418151546,0.181402275632954,1.09357261632575,0.304529879409525,-0.563689913904955,-0.10684638918159,-0.253346542485635,-0.28154818314884,-0.143262435474639,-0.312663824280714,0.391497878024472,-0.0782550524902746,-0.481318788460192,-0.609423150754351,0.0327994025594789,-0.0329679879905817,1.0,0.6931471805599453,-0.2934395304967512,16.0,1.0,0.0,46.916,76.98199999999909,95.39157263621578,172.47529354797578,0.0213146896300901,0.0129900494532483,2.13,-1.13,5.0,10.0,1.0,11.090354888959125,0,2.3078232e-05,0,Non-fraud
145274.0,-2.5191775004639,-0.778439446195001,-0.512167023062407,0.245448386360776,2.58860170014959,-2.07212846135584,-1.15298172164234,-1.69646206851947,0.31719258676626,-0.0023363488209524,1.18401602471638,0.270439390836638,-0.986170312279618,-0.420065705116646,0.298835215895634,0.220065400200145,0.448608185373189,1.11480970645992,0.196353031447479,-1.16971653918837,1.59509702285775,0.533585319815826,-0.608437098400035,0.0041938508585438,-0.525319471374055,-0.125608820360123,0.733446979033806,0.485415785046089,6.17,1.969905654611529,-0.2211975127506462,16.0,1.0,1.0,46.396,77.44899999999909,95.65821412722713,172.25438813637865,0.1329855993407707,0.079665327122813,3.82,2.35,5.0,10.0,3.085,31.518490473784464,0,0.0006034335,0,Non-fraud
145274.0,1.82087539182913,-0.589805738393201,-0.0378375895023705,0.416028155969373,-0.638224437728652,0.376706422830509,-0.853089065514466,0.211825276054012,0.862679023903034,0.118665076134481,1.05055099138361,1.64186635107766,1.2595917620978,-0.313904037892604,-0.0088804248098422,0.735160081230602,-0.932215090038326,0.357402472842992,-0.188741356280681,0.0181026443432879,0.121148353066144,0.376531214805927,0.29000604832279,0.74507751353188,-0.54820327327994,0.108297583834277,0.0006336406452183,-0.0255995376898196,60.47,4.118549250918918,0.5375532732480961,16.0,1.0,0.0,14.996,83.26799999999908,25.51440632291128,170.4058776894947,4.032408373405684,0.7262093394075916,5.765000000000001,54.705,5.0,10.0,60.47,65.8967880147027,0,3.6982896e-05,0,Non-fraud
145274.0,-1.31746306550665,1.68397863458423,-1.77282593596499,1.04047340063295,0.76472013913119,-0.195427483736966,0.150058699731715,1.08700194854303,-2.42412788301731,0.408585212915364,-0.307794443640444,0.360867122953017,0.0772231988324463,1.4434716584957,-2.01815809047403,0.777824496171149,-0.0760733723108091,-0.362163043294206,0.0511380041007267,-0.380594347410278,0.380991209856826,0.523303092358551,-0.00844521976891,0.405847680864888,-0.972654778508062,2.26563539504575,-0.629405562721287,-0.048134563490754,0.76,0.5653138090500605,-0.2967931251309997,16.0,1.0,0.0,14.752,30.46899999999908,25.675326093559484,68.16604082039316,0.0515184346855724,0.0249433842612701,3.67,-2.91,5.0,10.0,0.76,9.045020944800967,0,1.529031e-05,0,Non-fraud
145274.0,-2.07918932747257,-1.37374274070694,-2.20003448284371,0.0375227964180524,-4.09682286034312,3.10197935901177,6.4124813291051,-1.18663681007782,-0.407412327619477,-1.19161787539124,0.555838130735865,0.314206060663362,0.212279719703467,0.174236462804841,-0.560510385242379,0.258585073755853,-0.810092414843709,0.231911438026296,1.02526718805295,-0.901018300369811,-0.483340301362731,-0.112111734761969,0.186970762423149,0.463446989646983,-0.412582290143538,-0.531419749017478,0.832529992251163,-0.0433558741257144,1413.35,7.254425340579796,19.44176622650737,16.0,1.0,0.0,296.35,171.62499999999906,624.927571283272,441.4756434517381,4.769191817886985,8.23510556017423,5.765000000000001,1407.5849999999998,5.0,10.0,1413.35,116.07080544927672,0,0.00041304884,0,Non-fraud
145275.0,1.82726010092174,-2.19194633320946,-1.19516342784342,-1.64502862475378,-0.812309808419094,1.20668508330796,-1.32662504436372,0.297055580271336,-0.979554117480259,1.34212173294201,-0.809758003819137,-0.921445339924059,0.0548848812560457,-0.363317452402408,0.836815673695984,-1.13524748019209,1.14639947637101,-1.08712237840819,-1.19573509842023,-0.14324049272981,0.0143648908398245,0.200988996457606,0.177484809536355,-0.586862587571226,-0.514962941026307,-0.1158385714842,0.0329460252267164,-0.02044724552095,201.0,5.308267697401205,2.501222664710403,16.0,1.0,1.0,336.35,191.63299999999907,607.4532651570892,437.394582450082,0.5975917924852332,1.0488798847334284,7.47,193.53,5.0,10.0,100.5,84.93228315841928,0,2.0050518e-06,0,Non-fraud
145276.0,1.94923959098979,0.676585705602762,-0.765590975730537,3.73087968953141,0.442423264214316,-0.517430916857601,0.361158976872462,-0.253030195079577,-1.17566976810172,1.54091502431377,-1.04587045416657,-0.220258849932675,0.324680180910294,0.359490565070144,-0.349803396642619,0.889505047594749,-0.933676022002071,-0.26252378751169,-1.74776095294239,-0.273493704680926,0.232255797977729,0.696313325000008,0.0597031530146377,0.043247828323467,0.134422922085605,0.128751615976419,-0.0442323166676962,-0.0512712049656543,4.58,1.7191887763932197,-0.2434150772025431,16.0,1.0,1.0,336.032,191.21399999999903,607.669703103593,437.5911815128279,0.0136296542780757,0.023952220946415,5.765000000000001,-1.1850000000000005,5.0,10.0,2.29,27.507020422291514,0,0.0004882365,0,Non-fraud
145276.0,-1.19900138055821,0.589835881619422,2.11156154023605,-0.61441074463653,0.157895495762626,-0.435945392287553,0.392001541680468,-0.087241724328658,0.305211626983705,-0.966113169445586,-0.898570789802974,0.677431563379335,1.24398699398715,-0.634655408264556,0.0900616746507198,-0.0358444998236296,-0.598841342023266,0.176646883321647,-0.226346176579743,-0.122163133833236,0.208045818308295,0.801108342995592,-0.414483865009809,0.112183641019604,0.758119644074921,-0.114651615156344,-0.157017085025486,0.0694324822644858,4.99,1.790091412127358,-0.2376860197023684,16.0,1.0,0.0,324.936,169.96599999999904,614.4283229393067,441.3174222761431,0.0153568702287315,0.0293588127663251,5.175000000000001,-0.1850000000000005,5.0,10.0,4.99,28.64146259403773,0,8.946827e-06,0,Non-fraud
145276.0,1.95360353288578,0.471693359801996,-1.17288593044091,3.39184860310138,0.865866470009101,0.496387399312371,0.0665044249380583,0.127788301555728,-1.13731184994761,1.75609631699234,-0.158947719570089,-0.71339007506901,-1.44989448701955,0.868082568124449,-0.768001897611063,1.35673274030625,-1.30312475713946,0.668010113296845,-1.2292828737059,-0.329849854597695,0.221632267333284,0.503799023902285,0.0376478425570954,0.140205073857932,0.134546886659317,0.116827835379364,-0.0655511135280241,-0.0637937714481881,4.57,1.717395053939193,-0.2435548103123035,16.0,1.0,0.0,325.698,170.22499999999908,613.9279371147798,441.20862722628624,0.0140314032814711,0.0268468202270712,5.175000000000001,-0.6050000000000004,5.0,10.0,4.57,27.478320863027083,0,0.0012058974,0,Non-fraud
145276.0,1.87470022878035,-0.687514258267263,-0.388584165141684,0.265318300942667,-0.875542224829149,-0.576412067560522,-0.542978426640836,-0.0866892044933527,1.51366253399555,-0.242012903893562,-1.07602523146287,0.45730752442075,0.204600430677921,-0.222379419677427,0.516342267135764,0.142307954844967,-0.509341240482775,0.172344280000047,-0.0923956798601887,-0.0645507436536724,0.210851426390137,0.718986220846635,0.0587301407040333,-0.0615679040304199,-0.173028303402963,0.125013050971651,0.0037816059398092,-0.0315877052679594,74.95,4.330075229041782,0.7398868161810942,16.0,1.0,0.0,58.01800000000001,177.18399999999906,85.52020562422905,438.8619189626398,1.2918404410382909,0.4230065896299542,5.58,69.37,5.0,10.0,74.95,69.28120366466851,0,8.2722345e-06,0,Non-fraud
145276.0,-1.47835508500803,0.31387741287027,1.64416159218142,0.861398784000275,0.195028600743815,0.37012357233821,0.288012870297165,0.149600423477544,0.164018529474591,-0.0094119960531077,-1.23671699539893,-1.16747100932235,-1.33351940199668,0.0840051208582082,1.52880889677504,0.0408751000608957,-0.363185323858094,0.789560496607392,0.401464845555104,-0.0454191136934294,0.153200616662382,0.585253684758929,-0.379024705928419,0.574214678104609,0.508541406555268,-0.353635641333767,-0.594055534596892,-0.38379005872978,66.0,4.204692619390966,0.6148256829455739,16.0,1.0,0.0,31.018,183.68399999999903,36.1582711147888,436.4371706392233,2.1277966945710007,0.3593127307805122,33.32,32.68,5.0,10.0,66.0,67.27508191025545,0,4.9019386e-06,0,Non-fraud
145276.0,-1.22414123499565,0.125323713660853,0.0605726253690561,-0.998022941660017,1.4562039087563,1.6089751690772,1.13129402315168,0.416395820300251,-0.42303219878317,-0.540741537732346,0.970878103188883,0.69148589466032,-0.297037518158771,0.357014579792719,-0.324858169953888,-0.850005940339486,0.19674061050839,-1.46742218032402,-0.550225757877131,-0.0192275349346917,-0.123046407236018,-0.131887050397661,0.258401615707038,-0.721625767631178,-0.167545322881276,0.363705514461673,0.258106751949575,0.162079741918661,145.98,4.990296523100725,1.7324110948089149,16.0,1.0,0.0,59.298,197.66499999999905,58.62632488916912,432.3389003818049,2.4618030547100567,0.7385222435002577,63.235,82.74499999999999,5.0,10.0,145.98,79.8447443696116,0,9.125679e-07,0,Non-fraud
145277.0,1.9264576166866,0.0058385305366966,-1.38955671133761,2.00578996556955,0.248356016693266,-0.926677448639642,0.534158108168416,-0.397480568726953,-0.84185712757894,1.13570692392319,-1.10603645111585,-0.207665053852768,-0.0024244131942015,0.252615816656175,-1.18691496048172,0.466299499869498,-0.252634908901192,-1.30784314227816,-0.566715624936059,-0.0527089459416914,-0.0700347073490696,-0.279930996640615,0.128701993761734,0.0875615040388762,-0.277991831974087,2.25657069685978,-0.245666936229746,-0.0831887090557804,75.86,4.3419855851366975,0.7526025291692867,16.0,1.0,1.0,73.472,199.2039999999991,50.17124046712748,431.8233470915487,1.0325021636473466,0.3808156443604782,70.475,5.385000000000005,5.0,10.0,37.93,69.47176936218716,0,5.8317705e-06,0,Non-fraud
145277.0,2.07212608739757,-0.108939948887947,-1.60150684960026,0.180762102769489,0.583321262118808,-0.259166592930604,0.219125436950084,-0.231721569588551,0.481472173549373,0.0073223548855791,-1.27796653176912,0.662014004079716,1.01753875353097,0.0223295853070576,-0.174913140659005,-0.126202513014573,-0.461112290036951,-0.820792218193966,0.399653851419834,-0.0828001481980999,-0.272813845383752,-0.645755093646348,0.209702948312214,0.0634229270685772,-0.0741248904149489,0.283661182107316,-0.0742606629700725,-0.0583044720064588,24.4,3.2347491740244907,0.0335359463424858,16.0,1.0,0.0,77.438,201.56799999999907,43.73369204641095,430.67945803503113,0.3150907782343193,0.1210509598693699,70.475,-46.075,5.0,10.0,24.4,51.75598678439185,0,2.905505e-06,0,Non-fraud
145277.0,2.07366900950337,0.134805637966329,-1.97525921594716,0.114859904165706,0.933391811594786,-0.0322549145682925,0.108348688638555,-0.0627365747266287,0.160690174780796,-0.240873405961167,0.663212656303724,1.04263649892517,0.911558672006307,-0.846575648743434,-0.482696924012562,0.630338820289589,-0.0335372962104945,0.239125134341112,0.541111885251768,-0.0737769325617833,-0.345404767526142,-0.87796829232767,0.232942962395703,-0.280622847505374,-0.178456911282889,0.201983737011189,-0.0592007028664301,-0.0467296836973313,2.69,1.3056264580524355,-0.2698246349472507,16.0,1.0,0.0,62.986,60.501999999999086,55.198086742299225,67.90830415604162,0.0427079026655462,0.0444613393861145,45.2,-42.510000000000005,5.0,10.0,2.69,20.89002332883897,0,4.222518e-05,0,Non-fraud
145277.0,2.18066012324867,-0.304488553944886,-1.87418942257361,-1.78995980299134,0.403687069327046,-0.851303906956591,0.207557598488792,-0.352018707553041,1.40431845291232,-0.913238198517611,-0.833527438757168,1.15151304456951,1.29411789757882,0.201639797190747,1.05508766304105,-0.650962044694796,-0.457510259601285,-0.533558552002024,1.12319738281112,-0.0974131601380225,-0.278518703134655,-0.586569094630499,0.228890907619187,0.0490664386376373,0.015106843316141,-0.50506222881685,-0.0128196511051244,-0.0539726567630828,1.0,0.6931471805599453,-0.2934395304967512,16.0,1.0,0.0,49.986,40.501999999999086,61.59442978070714,48.65369685639611,0.020005601168215,0.0246901381489774,14.695,-13.695,5.0,10.0,1.0,11.090354888959125,0,9.471489e-06,0,Non-fraud
145277.0,-0.250536417865752,0.238638761744616,0.0088866455262291,0.18414410962087,0.733318250853577,-0.149772169913902,1.35918720583033,-0.517453685554897,-1.93213789677091,1.04906179964579,0.271214183442448,0.332446792352732,0.506851668417792,0.195797335870483,-1.14202207561336,-2.49830092774669,-0.073678099943801,1.50898933678069,0.456236808394535,-0.400114512090267,-0.218770223669964,0.249327399831939,-0.0483965925889794,-0.406289237929544,-0.0901100013203809,-0.420975008342402,-0.0215345061716865,-0.0771149034155827,84.61,4.449802098754394,0.8748690002095997,16.0,1.0,0.0,37.712,48.50499999999909,40.01941116521496,48.67041703602592,2.2435828849283284,1.7443562159704231,45.2,39.41,5.0,10.0,84.61,71.1968335800703,0,1.4181163e-05,0,Non-fraud
145278.0,2.04764349485824,-0.797429214939092,-1.01424493692355,-1.75077701624277,-0.438695024244654,-0.245657085163097,-0.655983517196605,0.117381075504886,2.00684771442754,-0.769861243924282,0.493587701808195,0.867631840140918,-0.751401108347679,0.36428746943387,0.660128893831158,0.0343807296112155,-0.708892543123725,0.566518044787715,1.29425827448825,-0.173603276705201,-0.220707555287248,-0.556124291371759,0.331809097619954,0.154206476648654,-0.388597577062147,-0.57876104037139,0.0096096023863489,-0.0471393357964278,15.08,2.77757626375082,-0.0966953119541675,16.0,1.0,1.0,25.556,49.513999999999086,34.366804186752645,47.7642125912348,0.5900766712288045,0.3045603202213507,45.2,-30.120000000000005,5.0,10.0,7.54,44.44122022001312,0,2.380412e-06,0,Non-fraud
145278.0,-0.804269300927457,-0.328837489359348,1.07212174960714,-2.97142096552033,0.406329720218712,0.685433790278785,0.0929747747696092,-0.0999178633223615,-0.400577541461743,0.226542364582575,-0.0648425162123153,-0.0462565870378792,1.01040895669948,-1.2047172058858,-1.62714916618632,1.86549692702445,-1.1033297182672,-0.396096023168612,-0.285681985497578,-0.0848541041295849,0.465008467933272,1.51825559373886,-0.321149637200595,-0.136010865385328,-0.0189449948849432,-0.263541552890938,-0.386676144412732,-0.0502679087121977,39.82,3.709172157381699,0.2490044015929574,16.0,1.0,0.0,28.64,53.03899999999909,34.924486395802326,45.31682823330984,1.3903630799454232,0.7507682884147966,52.91,-13.089999999999996,5.0,10.0,39.82,59.34675451810718,0,5.7011228e-05,0,Non-fraud
145279.0,-3.55895005824692,-3.86878864134182,-2.49976773787052,0.648801313787658,-1.29322469832428,0.852149167698347,3.56624976609531,0.279185210025201,-0.469737451283612,-2.50996883237571,0.209281240447643,-0.215188498267058,-0.890873926073435,-0.739164327279868,-0.697338557611515,0.597595684692006,0.974331352040113,1.68805677184749,0.665652953843693,2.87653762299548,0.747487517551816,-0.537664238447974,2.65340676800457,-0.0820157511133822,-0.0984711020041342,-0.182788867527434,-0.310369236859076,-0.0270867212637249,1172.39,7.06765227421239,16.074757213721792,16.0,1.0,1.0,262.58000000000004,162.78299999999908,509.5905025115847,357.5396867186971,4.464886874610073,7.202164800979475,52.91,1119.48,5.0,10.0,586.195,113.08243638739825,0,4.3326145e-05,0,Non-fraud
145280.0,-1.35752671123258,1.30121051970477,-0.112326269790837,-0.327679852083029,-0.357772150612969,-1.79517374989704,0.533428962817562,0.238474677785987,-0.0881148701757787,-0.129202774330945,-0.114411911873038,1.20428737739202,0.975135547624227,0.235539980699024,-0.566009631199774,-0.26030652738345,0.056659787778595,-1.1419559645644,-0.428830355926609,-0.145720359293947,-0.193185660440083,-0.325080904589588,0.463712821134899,0.944408474984878,-0.464480221384457,0.044464866659069,-0.310829464746738,-0.132101313048891,10.11,2.4078456036515385,-0.1661426675050653,16.0,1.0,1.0,264.402,157.1939999999991,508.4364087769574,359.6512778357727,0.0382372295283801,0.0643154314775667,32.11,-22.0,5.0,10.0,5.055,38.52552965842462,0,5.064091e-06,0,Non-fraud
145280.0,2.05648565875135,-1.76266847091819,-0.423806423712893,-1.38296568369235,-1.82948882509968,-0.723316396866595,-1.25315413263944,-0.143991588700379,-0.941910342943903,1.47128778603102,-0.935443459560925,-0.79154574169886,0.266939935512588,-0.518101671312164,0.151193514657682,-0.282365390979905,0.455202356314751,-0.210691317927594,-0.245130654193528,-0.250323922812972,-0.339391206812669,-0.734028159691377,0.386627818712848,-0.0858424191916666,-0.671761523742007,-0.490649326147116,0.0203242175145162,-0.0179997265803296,116.29,4.764649500533414,1.317543491930413,16.0,1.0,0.0,270.73800000000006,154.2249999999991,505.8264534106627,359.8766159934599,0.4295296543908514,0.7540282006547089,32.11,84.18,5.0,10.0,116.29,76.23439200853463,0,5.084605e-06,0,Non-fraud
145281.0,2.07080244207957,0.269886680224285,-2.59389426355818,0.467596205361372,0.945393554760667,-1.27974843388955,0.796058803572747,-0.501773504683169,0.0315883730300665,-0.347321106156627,-0.517505363793479,0.218308015436136,0.347593384216154,-0.718680787959667,-0.218774905624911,-0.229177280963229,0.734183469743017,-0.243065503556944,-0.0072164847433636,-0.0830650951445725,0.0444236126687526,0.26958341507399,-0.0610767555637155,0.659526837900032,0.419133747664988,0.680145744581569,-0.106227449214049,-0.0467538561533763,32.11,3.4998353515591547,0.1412701739677216,16.0,1.0,1.0,274.144,149.8499999999991,503.7275824093905,361.1986530059998,0.1171282241554503,0.2142809461843126,28.255,3.855,5.0,10.0,16.055,55.99736562494648,0,2.9205314e-05,0,Non-fraud
145281.0,-0.894512309195893,-0.562892727315872,1.64229174937877,-2.83516179630934,-0.384099554367788,0.451049794373422,0.719723438854088,0.0662532376637611,1.39915086109753,-1.72088124454678,-0.210583936647063,-0.174947316531,-1.17057077467901,-0.106280756626242,0.727524452812455,0.337083488218712,-1.12167098236768,1.46406879773493,1.18360496143565,0.409647880262758,0.0779012691344261,0.0945447900504658,-0.125475115214635,-1.13049349794845,0.553362906492981,-0.201997155418637,-0.164540379558903,-0.164663855929068,182.0,5.209486152841421,2.2357297561657234,16.0,1.0,0.0,302.58000000000004,165.6099999999991,491.0462448690644,358.54526235270595,0.6014938178283633,1.09896744702031,35.965,146.035,5.0,10.0,182.0,83.35177844546274,0,2.9615385e-05,0,Non-fraud
145282.0,0.123577312764137,0.96912646496832,-0.480373484758591,-0.5538776802961,0.89162211689385,-0.750157813424511,1.0249946783604,-0.0986285926238186,-0.0166184057315879,-0.844940999685998,-0.824511636802692,-0.268315069417048,-0.17592893332599,-0.981142706284897,-0.207463500501771,0.377439907245517,0.336236101734824,-0.147263469515278,-0.190452773128822,0.0503435829260631,-0.340268079406558,-0.873184733664726,0.128472185782221,0.465018250989227,-0.405456174487598,0.119126508050384,0.214336822689466,0.0841665344260486,21.99,3.1350593387750902,-0.0001397331097603,16.0,1.0,1.0,72.5,167.5399999999991,74.1332219724082,357.62159942849223,0.3033103406439953,0.1312522374880499,35.965,-13.975000000000003,5.0,10.0,10.995,50.16094942040144,0,0.0003155055,0,Non-fraud
145282.0,0.818708197186085,0.367676148816138,-0.35871213336168,0.925649194030603,0.567177635446684,-0.186169976510499,-0.224872367956717,-0.844109005322353,0.653421899153093,-0.0593376749863686,-2.09131822161133,-0.622151145753449,-1.58427083597334,0.439335362289172,-0.502099935448639,-0.336221369030333,-0.233898659826329,0.0407554281824695,-0.0128105788970131,-0.477086950713526,0.822995303586713,0.0587078274401424,-0.647518412636711,-0.718870689350628,0.667093346764287,-0.355460751899697,0.209186814944166,0.186915238081589,3.0,1.3862943611198906,-0.2654929085446796,16.0,1.0,0.0,71.078,167.7399999999991,75.68118306428853,357.51865769497283,0.0422071521116639,0.017884821641321,35.965,-32.965,5.0,10.0,3.0,22.18070977791825,0,0.00010838111,0,Non-fraud
145282.0,-4.96346790935645,-5.623585966144,1.39224659325393,1.25368919992907,4.02364547032835,-2.28672303882049,-2.8186793372581,0.315045117827725,1.46005917143409,-0.0788357767893343,-1.31278149398383,1.06946375216963,1.16700144573092,-0.953863644177169,-0.588209104583838,-0.214272771367581,-0.0218520656750141,-0.457926667733026,0.827534114416054,0.0026050596256275,-0.264856452973732,-0.339509359173536,0.033310243670062,0.779748597106361,-0.507336678178371,0.481656240728512,0.675443103003891,0.427538660729901,270.84,5.605213657923621,3.477118703276741,16.0,1.0,0.0,101.988,186.3629999999991,118.31542279014256,357.5576359460784,2.65560651590769,1.4532927595429808,35.965,234.875,5.0,10.0,270.84,89.68341852677794,0,2.1232995e-06,0,Non-fraud
145282.0,1.86561358699086,-2.10732874102268,-0.805131397365393,-1.27534776306506,-1.82562297115101,-0.773194047347972,-1.00843391857965,-0.2249684792006,-0.989682810817653,1.46279040313788,-1.04608529362395,-0.9753289153787,0.0370296107843698,-0.401769775703559,0.0502380768926381,-0.453009639995943,0.532594649846034,0.0156570332341343,-0.356172742429303,-0.0495886171798804,-0.016758207737902,-0.0007106018453162,0.0886292331015838,-0.0347484393031318,-0.390634914398393,-0.193813589228547,-0.0124409560483866,-0.0096108044889094,224.0,5.41610040220442,2.822608817159226,16.0,1.0,0.0,140.366,207.25499999999911,121.07208175302009,352.505490619198,1.5958280381586138,1.0807941855164256,78.055,145.945,5.0,10.0,224.0,86.65760643527072,0,3.7656048e-06,0,Non-fraud
145283.0,1.94426769363873,-0.514355952784712,-0.49276050185254,0.112732005612352,-0.452159336539013,-0.0611894796650478,-0.588195754917712,-0.0268134286445535,1.32946461313908,-0.272359249941471,-0.837649989639029,1.0644481697069,1.4151765727588,-0.484698857278363,0.470226813318749,0.0334295283906951,-0.541117529577084,0.0167041883751816,-0.185227708083131,-0.0348663570244222,0.260029928435499,0.976344182501271,0.0832888201349768,0.691186288764335,-0.0682076175894923,0.153397032377558,0.0164098215466813,-0.0295252078033077,39.95,3.7123518102990793,0.2508209320198421,16.0,1.0,1.0,111.956,207.26799999999912,125.44733807462848,352.4986320478001,0.3568366111969291,0.1927456230930705,78.12,-38.17,5.0,10.0,19.975,59.397628964785255,0,1.7505028e-05,0,Non-fraud
145283.0,-21.5324775220822,-34.7047676182969,-8.30303527679205,10.2641750659905,3.95717475016192,-3.22969463323188,-4.06676833550481,-4.08397095056097,0.554071558866492,-2.16686663470641,0.939704994559361,3.10892166798271,0.808612501656661,4.10977929822223,3.01703875470661,0.554017829796582,1.17460854966388,0.601034641410773,-4.35367948480622,19.7464530836708,5.19871759276142,-7.33107784160372,-32.828994997462,0.118985764645557,-8.69662677026752,-1.77806147572803,-0.519785758330671,2.71671646134579,10000.0,9.210440366976515,139.42569691888494,16.0,1.0,0.0,2107.558,1090.028999999999,4413.505740657873,3132.1232998308574,4.744827898095887,9.174067837485005,78.12,9921.88,5.0,10.0,10000.0,147.36704587162427,0,0.00053778285,0,Non-fraud
145284.0,-0.39921257434596,1.55912551595256,-0.333555688611104,1.04916438493841,1.67377106748933,-0.821833792325312,1.82242571791573,-0.811516399835683,-0.322862566801895,0.135906365917138,-0.0401978302440821,-0.21357461531583,0.0808033985424808,-1.63711764852612,-0.108041901376949,-1.03067510537737,1.20255983872331,0.063531172717091,0.430405793616659,0.200007549874084,-0.0130417190990632,0.534198649970065,-0.349515798661072,0.992724792049741,-0.0659932585107163,-0.524613071292418,-0.270168154186578,-0.138604721436793,12.4,2.5952547069568657,-0.1341437853699434,16.0,1.0,1.0,2109.438,1090.2579999999991,4412.387015235631,3132.03565288988,0.0058783429492223,0.0113734547131289,78.12,-65.72,5.0,10.0,6.2,41.52407531130985,0,0.0004419279,0,Non-fraud
145284.0,2.09612674338108,0.486475417457553,-2.68316100258126,0.627603257603835,0.760423410322219,-1.44507122847155,0.282323217441629,-0.30100393610552,0.732439311639302,-1.16387150841406,-0.620584792792513,-1.08060615768877,-1.06884856989104,-2.34311554506319,1.24903675511414,1.02754860925587,1.58531150516667,1.63919374027369,-0.430059866335794,-0.206318878346938,0.0385915977079523,0.262154116075956,-0.118940407576562,-0.901173766599971,0.310678035676945,-0.0558629809609369,0.0115754172614981,-0.0016756629848257,1.0,0.6931471805599453,-0.2934395304967512,16.0,1.0,0.0,2055.4700000000003,1078.7289999999991,4442.047449037437,3136.228558243697,0.000486506735449,0.0009270168866072,36.03,-35.03,5.0,10.0,1.0,11.090354888959125,0,3.9162012e-05,0,Non-fraud
145285.0,-2.23575641104404,1.63645072318389,-0.961714841216201,0.163952204208907,0.283208378978698,-1.03089369862444,0.476078615909217,-0.990452975021081,0.187379249459022,-0.0411681273560732,-0.398577970969902,-0.0846390835380756,0.222091174488457,-0.886416671765588,1.25132154481583,-0.190079061459308,1.00069662816366,0.688458690252707,0.545127784805827,-0.690584891856194,1.02216290841352,0.756808542487774,-0.0819653956425788,-0.0608483230195875,-0.0422547883679855,-0.0301978918083937,-0.579378373360794,0.219112964575182,41.69,3.7539647007698704,0.2751344931181443,16.0,1.0,1.0,2019.0080000000005,1079.6869999999992,4461.544639984005,3135.8747761387635,0.0206487542294786,0.0386130424478455,40.82,0.8699999999999974,5.0,10.0,20.845,60.06343521231793,0,0.0024025878,0,Non-fraud
145285.0,-5.02701805435128,4.53622216121155,-3.09681636852958,-1.40702623498323,-0.676294711880522,-1.1758544671963,0.395518248845394,0.835359174652222,3.30979177676765,4.64528959712205,-0.413315823205883,0.243502072709764,0.129477694143064,-2.00392704692422,0.0528066148416648,0.0359850933656325,0.381263058912618,-0.497241443508042,-0.726849962939201,1.96982567470626,-1.06090268183624,-1.01945693205631,0.160936836256413,0.5708060172237,0.280906475530175,-0.0910107096506864,-0.630688755316877,-1.53692103520659,17.99,2.9439125248241944,-0.0560329770139034,16.0,1.0,0.0,2014.616,1063.2859999999991,4463.990040281228,3141.515277456619,0.0089297414450546,0.0169192484271219,30.97,-12.98,5.0,10.0,17.99,47.10260039718711,0,3.6661318e-06,0,Non-fraud
145286.0,2.06124688213051,0.0292312457911125,-1.69827728440003,0.460598899384298,0.210518104010266,-0.979733307653943,0.0759165341558718,-0.147191463224399,0.744345266833795,-0.329598060112337,-0.765903498804781,-0.724526180374963,-1.65537994092907,-0.498862083333143,0.38477775963748,0.366571605653281,0.608287622218127,-0.131915881323061,0.0246708177682198,-0.262798571714604,-0.375766900748461,-1.06652414487801,0.370568851694,0.592183450765656,-0.330452947177426,0.170678735861579,-0.0742046672572638,-0.0325877520100271,4.49,1.7029282555214391,-0.2446726751903863,16.0,1.0,1.0,15.514,1061.5359999999991,16.071677884164025,3142.164595933476,0.2894159926894423,0.0042297199489892,28.97,-24.48,5.0,10.0,2.245,27.24685208834303,0,0.0001046069,0,Non-fraud
145286.0,-3.07252034626258,-0.660509134560847,-1.77569351872401,0.189426439311443,-7.95891567190234,6.53044832158357,9.37883809031197,-1.83525160211206,0.0265924396142787,-0.861588114092581,0.353218245654108,-1.1367529451544,-0.536027787792126,-0.669001776588076,0.663659809065937,1.81308682451402,-1.88351689405883,1.15184384862309,-0.170283862950883,-2.71899090617141,-0.947680087853935,0.771964317129889,-0.910905149973541,0.0932056955907228,0.772683540432615,-0.465657075125526,0.507075956392086,-1.17737912596535,1930.0,7.565793282428515,26.66107734227625,16.0,1.0,0.0,399.034,1254.2359999999992,855.9851328323468,3129.0961330255677,4.836680571488444,1.5387853629310717,40.82,1889.18,5.0,10.0,1930.0,121.05269251885623,0,0.00031076098,0,Non-fraud
145286.0,-1.04349346362213,1.0562329058432,0.632627756284693,2.92753779844218,0.326732798280381,0.809143356219522,1.16818426260397,0.559657648682947,-2.49760857613825,0.579547109525536,0.520482517593316,0.458012892335316,0.569224387577786,0.710883662636046,-1.01196420017917,1.42880052943616,-1.07357490343312,0.067302565348743,-0.890611620089735,0.320034192226426,-0.088791389884917,-1.04373410830387,0.832045423669699,0.621498728700618,-1.02851790523572,-0.712106367634102,-0.0226232115431432,0.140140841803735,216.59,5.382612558043431,2.719066582826801,16.0,1.0,0.0,442.152,1248.8109999999992,836.122169434593,3131.0369370348653,0.4898541666896131,0.1734369731100728,40.82,175.77,5.0,10.0,216.59,86.1218009286949,0,3.851978e-06,0,Non-fraud
145287.0,1.10878233429934,-1.81775051912916,-1.056762467209,0.674033226703935,-0.880666910059315,-0.122494183009305,0.0537380223804016,-0.136005034839723,1.18372646970108,-0.325774457791364,-0.912992041203097,0.374471202805565,0.400551611600277,0.0475822381632076,1.09049115430993,0.399366038836721,-0.732464254141014,0.442050628722262,-0.473416482388644,0.775644853042946,0.485671753818317,0.483489119928594,-0.250709246714224,0.70234547679856,-0.274462523129694,-0.323221308472681,-0.0586528486960117,0.0513272600428705,475.0,6.16541785423142,6.329909872144205,16.0,1.0,1.0,528.8140000000001,1273.9109999999991,806.157366045867,3122.904212564716,0.8982364292582335,0.3728674920203474,40.82,434.18,5.0,10.0,237.5,98.64668566770273,0,1.6877304e-05,0,Non-fraud
145287.0,0.150372132291896,1.17939973386145,-1.01385415103588,0.285175700351894,2.03114783736439,-0.295074675059969,1.48762034056987,-0.325134829826154,-0.541320043914458,-0.51271199469404,0.661419218349641,0.170388195525364,-0.372910695935956,-1.20820023504629,-1.40009752935984,0.0406492195606102,0.355435811763566,0.757466857121596,-0.191335650983725,-0.111503947153544,0.0167643031355746,0.270375069027546,-0.340317743315796,0.0902571800904363,0.256584666365509,-0.626677967774407,-0.270574380440427,-0.195834314472843,1.0,0.6931471805599453,-0.2934395304967512,16.0,1.0,0.0,525.416,1270.0159999999992,808.8800162755969,3124.638066895642,0.0019032537990787,0.0007873916542882,29.84,-28.84,5.0,10.0,1.0,11.090354888959125,0,0.00014212824,0,Non-fraud
145287.0,2.07855584538436,0.209607299820615,-1.75345915672616,0.37513324400854,0.572082074772826,-0.767675218640208,0.25226714161257,-0.281610256719886,0.360449511837319,-0.40779720563192,-0.54563443461311,0.60017417226568,1.04190774103174,-1.0417804008284,0.113003371055543,0.31801852578807,0.362531990537847,-0.372319403951334,0.104030326386237,-0.0814509297870909,-0.361421618412929,-0.89791383150367,0.30536231583988,0.405129585598035,-0.206676030916369,0.177714751705327,-0.0574938288214369,-0.029261714254644,5.99,1.944480556245719,-0.2237127087263326,16.0,1.0,0.0,525.716,270.6149999999991,808.6387550878388,602.5303074212304,0.0113939845631596,0.0221347670227639,15.195,-9.205,5.0,10.0,5.99,31.111688899931504,0,0.0001005971,0,Non-fraud
145288.0,-0.931708015245263,2.2991573872709,-4.79638276315856,-1.15945557875351,3.12729327277863,2.81502017311834,-0.979863758494568,-1.05966375332631,-0.836675330385246,-1.96135244838323,0.221677086152963,-0.0245935103990738,-0.760414535281515,-1.37228854746507,-0.277610478302977,0.681563381495164,2.41675293112619,0.622707585074214,-0.999046400861131,0.574998933730548,-1.20954561000379,0.515525975427731,0.223167476352007,0.487345512465906,-0.211647080965909,0.578002955418671,0.0789048693753902,0.0767505775813018,0.76,0.5653138090500605,-0.2967931251309997,16.0,1.0,1.0,139.868,269.45099999999906,209.0205723607406,603.0955450461028,0.0054336945875132,0.0028205499225441,11.989999999999998,-11.23,5.0,10.0,0.38,9.045020944800967,0,0.00015169867,0,Non-fraud
145288.0,-0.549750425356483,0.19843866358219,-0.7080780228917,-2.04213569795306,1.40213377118124,-0.630855607190637,0.456403378284794,-0.341078886426027,-0.902611552269056,0.584973314299623,0.550114735910489,-0.948392324430077,-0.644923022709749,-1.42851023258933,-1.14683096862867,1.30666919270395,0.625490136731535,-0.440405267658261,1.06933886741072,0.0040952298377216,-0.0276594089975727,0.148023305704325,-0.308642055081181,-0.0013314252231874,-0.655368312482999,-0.467096019397461,-0.0376746968321934,0.0363116921088146,10.0,2.3978952727983707,-0.1676797317124292,16.0,1.0,0.0,98.55,270.3509999999991,210.4768070358627,602.656979097111,0.1014713333184035,0.0369889512633986,13.995,-3.994999999999999,5.0,10.0,10.0,38.36632436477393,0,0.0014660186,0,Non-fraud
145289.0,2.02014932538174,-1.24275523615393,-0.401363764831192,-0.893642658048206,-1.11848983600943,0.0580425433581091,-1.25003694744096,0.112707960542339,0.0095696876868735,0.836483282710462,0.849458695190364,0.427397408027498,0.589292022904049,-0.551107330988033,-0.639708331393007,1.35778563256133,-0.130274705168667,-0.507327299160216,0.665381201600853,0.132253551796808,0.512567785735926,1.46269401449243,0.0592043205617943,0.835108189455706,-0.127323601048038,-0.0382354735116472,0.0091065603292506,-0.0396744834055974,59.75,4.1067670822206574,0.5274924893453504,16.0,1.0,1.0,15.5,272.1569999999991,25.031331367151815,601.9222192286329,3.854838460978164,0.2195423956777074,13.995,45.755,5.0,10.0,29.875,65.70827331553052,0,3.7125654e-05,0,Non-fraud
145289.0,1.92864810099873,0.623616132928926,-1.75293708199478,3.69265028494221,1.17878647186343,-0.342664716315522,0.923237432829129,-0.377476068810565,-1.35402848844523,1.50193495066553,-1.82639996299589,-0.400838791119469,0.158909094140153,0.504508688233489,-1.23896577057227,0.424220853219218,-0.782828687976214,-0.52927069932507,-1.10873067574856,-0.176660144721259,0.103956229130894,0.283989771197424,-0.148817456629604,-0.642621420649758,0.50005430972398,0.206966780485828,-0.0881336074492443,-0.0652364004854738,58.17,4.080414656688602,0.505414658003214,16.0,1.0,0.0,26.934000000000005,276.1749999999991,29.423915953049256,600.1686199218518,2.159723689027857,0.2106273188716316,34.085,24.085,5.0,10.0,58.17,65.28663450701764,0,1.2579708e-05,0,Non-fraud
145290.0,-1.87656162647354,-0.0077733495528024,-0.345203402919814,-0.914279321923654,0.707068853965903,0.0282512314101703,0.67801345505298,-0.0037202737429517,0.583180960747548,-0.121403069425093,0.0943441152402441,0.630047867445354,-0.266441678525092,-0.0221208048545597,-1.12258543979968,-0.0059019211135175,-0.685773998073147,0.144424104912799,0.750652512841455,-0.688000558548018,-0.216490372581272,-0.246391761300627,0.172640149674106,0.205283421325953,0.320672071667783,-0.185251148549573,-1.21361310932966,0.160171035122656,55.5,4.034240638152395,0.4681059176971984,16.0,1.0,1.0,36.836,281.27599999999904,28.94038925121881,597.8150833976916,1.5066782086361656,0.1973150919477136,56.835,-1.3350000000000009,5.0,10.0,27.75,64.54785021043833,0,7.280704e-05,0,Non-fraud
145290.0,1.89597978856888,-0.449273758346741,-1.24336497408559,0.19137885755281,-0.012321468920126,-0.492394474110192,0.103516517249214,-0.205880187948761,0.98531485583263,-0.278518536429454,-0.866287124617183,0.858342786565078,0.533216159193335,-0.0158937105020595,-0.243902067757883,-0.545501374042156,-0.1198938616336,-0.747194106586054,0.286796344779521,-0.0196364540461595,-0.115239800294634,-0.251701575621314,0.174581536349568,0.706971188788922,-0.0620109387354956,-0.126585399183328,-0.0372776360177147,-0.034928936638311,83.62,4.438170645291922,0.8610354223433243,16.0,1.0,0.0,53.408,96.6379999999991,26.759547268442084,147.6899985931929,1.565683014423251,0.8652910773682165,56.835,26.785000000000004,5.0,10.0,83.62,71.01073032467075,0,2.719404e-05,0,Non-fraud
145290.0,-1.85333234549759,1.59620864450359,0.573417620776748,-1.23411675948786,-0.555636919121432,-0.165872396657498,-0.321413220177159,1.04360327938757,0.257485967425966,-0.479301657786752,0.342060299606754,1.33935116099232,0.63021475827069,0.339821857353827,-0.437532583067945,0.57855081317789,-0.604710574755933,0.354940284917018,0.178369281633457,0.0838577377285291,-0.106572638136356,-0.307273285809072,-0.0047793114636326,-0.414713157621569,-0.110108742895339,-0.253660576915081,0.203300689841503,0.15678386697482,3.85,1.5789787049493915,-0.2536155942150492,16.0,1.0,0.0,52.178,75.3639999999991,29.27656861744545,143.7615004250356,0.0737858853580841,0.0510853981863309,32.75,-28.9,5.0,10.0,3.85,25.263659279190268,0,8.6881e-07,0,Non-fraud
145291.0,-0.467078652282859,0.557921049845528,0.745420050668748,0.818987585945142,1.30145475421565,2.08396782207826,0.715597993348203,0.23664166635208,0.173522927086251,-0.005910043542771,0.316633160067971,1.00921846028111,-0.178694315286187,-0.329456124596271,-1.4112890524993,-1.89700678151125,0.700165341082863,-1.30328314521694,0.789178387942395,-0.182694987965011,-0.18010760683957,0.127807619628669,-0.0107198545661501,-1.64266107754857,-0.616241422022074,-0.658245349961773,-0.0879413378981874,-0.0812629295122104,35.0,3.58351893845611,0.181653042688465,16.0,1.0,1.0,47.228,31.363999999999088,29.76451696251788,30.852050247234416,0.7410857808697006,1.1159290550973078,22.5,12.5,5.0,10.0,17.5,57.33630301529776,0,1.0118887e-05,0,Non-fraud
145292.0,1.75475123033441,-1.42513431227786,-3.05281682606853,-0.770343063134374,0.196703985477292,-1.33268039019122,0.866551563320338,-0.718071737476197,-1.00994349047646,0.800248155565877,-1.37314146855154,-1.00010207748449,-0.129535718901324,0.509111058713548,-0.379794326381368,0.267217660729401,0.35615755667421,-1.52169556997889,0.868050441990111,0.547902960699793,0.615395713266736,1.18090337721885,-0.581729554936128,-0.661361845654606,0.732988825996748,0.318662924646296,-0.151885039708306,-0.0487907962435491,315.6,5.757639147446912,4.102564102564103,16.0,1.0,1.0,98.714,62.82399999999909,124.69309114787308,93.41511669253448,3.197114865195262,5.023557796008641,45.25,270.35,5.0,10.0,157.8,92.1222263591506,0,2.2600937e-06,0,Non-fraud
145292.0,-0.134339933398878,0.826388600341171,-1.12932611971653,1.24630387736777,0.510830424830211,-0.709455992018339,0.455029125157179,0.12428468602948,-0.598449810354607,-0.597548113272958,-1.08045692723311,-0.350746936889701,0.571226214499215,-0.347918840062418,2.00221956421623,-0.585743888711652,1.22288559977387,1.28577851539028,2.45356619855277,0.364489589069099,0.439457296615184,1.1858289626585,-0.0148538381107255,-0.682957241092218,-0.876405447794032,0.200360695671872,0.191956966040857,0.17476205589989,73.91,4.316287392959792,0.7253545727660169,16.0,1.0,0.0,102.396,69.61599999999909,123.36274855081564,91.268188105238,0.7218055322297205,1.061681207456903,56.835,17.074999999999996,5.0,10.0,73.91,69.06059828735667,0,0.00010515446,0,Non-fraud
145292.0,2.11262730988011,-0.236365288955005,-2.26414136586565,-0.610341829248422,0.440202857754494,-1.3758505608748,0.62346497315332,-0.495811710618166,0.566025412020377,-0.167428834494236,-0.836934961857785,0.133318443041102,-0.421386914417336,0.62900412240919,-0.0305091877996642,-0.766455369548226,0.0158547537955509,-0.749581936286269,0.545789953400963,-0.14269378141721,0.0918828159427535,0.375065754162449,-0.0168191406999555,0.840165406421829,0.317611110458707,1.04136952556302,-0.152382054752894,-0.0812284868484323,32.67,3.516607233172983,0.1490952281143017,16.0,1.0,0.0,92.206,72.80699999999909,127.34153615380887,89.12598624052589,0.3543153335540492,0.4487205838900082,56.835,-24.165,5.0,10.0,32.67,56.26571573076773,0,3.4907562e-06,0,Non-fraud
145292.0,1.91507965937914,-1.1394413763566,-1.13515085577244,-0.749313524410459,-1.05033342274145,-1.376791398292,-0.326275871904379,-0.308038652029608,-0.726978413077141,1.00595239142468,1.48745239203031,-0.0144528062326831,-0.464621224928317,0.358109819380395,-0.31104078605715,0.988631786381921,0.118176365022574,-0.863358421714659,0.443135633501775,0.162740966007319,0.600297624809715,1.43101837763937,-0.0519177284816803,0.603207293544955,0.0243752996650761,0.0103127774543286,-0.0639003598380819,-0.0498274220803863,129.7,4.872904620630176,1.5049255921190523,16.0,1.0,0.0,117.376,84.77699999999909,117.57427452470924,87.78145717260742,1.1049959011638162,1.529896062258694,58.96,70.73999999999998,5.0,10.0,129.7,77.96647393008281,0,7.289445e-06,0,Non-fraud
145293.0,2.24059313260476,-0.758161678878272,-1.33136973834048,-0.869505776716704,-0.723695347031572,-1.40038660139222,-0.44044097365892,-0.317489714439814,-0.295155014451728,0.924076304917097,-0.840444034038781,-1.4330606406748,-1.37197471656049,0.343678240172571,0.542882758358706,0.89328790909406,0.294544078165603,-1.20371885679466,0.365773074457132,-0.167443400628041,0.412893884773126,1.1764227584549,0.0236466698504948,0.0048995331399549,0.140780045940004,0.078342026394666,-0.0436106718388488,-0.071746616187841,1.0,0.6931471805599453,-0.2934395304967512,16.0,1.0,1.0,110.576,78.90199999999909,124.31935500963527,91.52858494609892,0.0090435536730976,0.0126739498026166,56.835,-55.835,5.0,10.0,0.5,11.090354888959125,0,2.9733435e-06,0,Non-fraud
